axis,robot,model,method,task,trial,path
model_axis,so101,deepseek,cap,cap_clear_then_reach,0,autoadapter_bench/results/videos/model_axis/so101/cap/deepseek/cap_clear_then_reach_t0.mp4
model_axis,so101,deepseek,cap,cap_clear_then_reach,1,autoadapter_bench/results/videos/model_axis/so101/cap/deepseek/cap_clear_then_reach_t1.mp4
model_axis,so101,deepseek,cap,cap_clear_then_reach,2,autoadapter_bench/results/videos/model_axis/so101/cap/deepseek/cap_clear_then_reach_t2.mp4
model_axis,so101,deepseek,cap,cap_clear_then_reach,3,autoadapter_bench/results/videos/model_axis/so101/cap/deepseek/cap_clear_then_reach_t3.mp4
model_axis,so101,deepseek,cap,cap_clear_then_reach,4,autoadapter_bench/results/videos/model_axis/so101/cap/deepseek/cap_clear_then_reach_t4.mp4
model_axis,so101,deepseek,cap,cap_collision_avoid_bottle,0,autoadapter_bench/results/videos/model_axis/so101/cap/deepseek/cap_collision_avoid_bottle_t0.mp4
model_axis,so101,deepseek,cap,cap_collision_avoid_bottle,1,autoadapter_bench/results/videos/model_axis/so101/cap/deepseek/cap_collision_avoid_bottle_t1.mp4
model_axis,so101,deepseek,cap,cap_collision_avoid_bottle,2,autoadapter_bench/results/videos/model_axis/so101/cap/deepseek/cap_collision_avoid_bottle_t2.mp4
model_axis,so101,deepseek,cap,cap_collision_avoid_bottle,3,autoadapter_bench/results/videos/model_axis/so101/cap/deepseek/cap_collision_avoid_bottle_t3.mp4
model_axis,so101,deepseek,cap,cap_collision_avoid_bottle,4,autoadapter_bench/results/videos/model_axis/so101/cap/deepseek/cap_collision_avoid_bottle_t4.mp4
model_axis,so101,deepseek,cap,cap_conditional_pick,0,autoadapter_bench/results/videos/model_axis/so101/cap/deepseek/cap_conditional_pick_t0.mp4
model_axis,so101,deepseek,cap,cap_conditional_pick,1,autoadapter_bench/results/videos/model_axis/so101/cap/deepseek/cap_conditional_pick_t1.mp4
model_axis,so101,deepseek,cap,cap_conditional_pick,2,autoadapter_bench/results/videos/model_axis/so101/cap/deepseek/cap_conditional_pick_t2.mp4
model_axis,so101,deepseek,cap,cap_conditional_pick,3,autoadapter_bench/results/videos/model_axis/so101/cap/deepseek/cap_conditional_pick_t3.mp4
model_axis,so101,deepseek,cap,cap_conditional_pick,4,autoadapter_bench/results/videos/model_axis/so101/cap/deepseek/cap_conditional_pick_t4.mp4
model_axis,so101,deepseek,cap,cap_draw_letter_L,0,autoadapter_bench/results/videos/model_axis/so101/cap/deepseek/cap_draw_letter_L_t0.mp4
model_axis,so101,deepseek,cap,cap_draw_letter_L,1,autoadapter_bench/results/videos/model_axis/so101/cap/deepseek/cap_draw_letter_L_t1.mp4
model_axis,so101,deepseek,cap,cap_draw_letter_L,2,autoadapter_bench/results/videos/model_axis/so101/cap/deepseek/cap_draw_letter_L_t2.mp4
model_axis,so101,deepseek,cap,cap_draw_letter_L,3,autoadapter_bench/results/videos/model_axis/so101/cap/deepseek/cap_draw_letter_L_t3.mp4
model_axis,so101,deepseek,cap,cap_draw_letter_L,4,autoadapter_bench/results/videos/model_axis/so101/cap/deepseek/cap_draw_letter_L_t4.mp4
model_axis,so101,deepseek,cap,cap_numeric_midpoint,0,autoadapter_bench/results/videos/model_axis/so101/cap/deepseek/cap_numeric_midpoint_t0.mp4
model_axis,so101,deepseek,cap,cap_numeric_midpoint,1,autoadapter_bench/results/videos/model_axis/so101/cap/deepseek/cap_numeric_midpoint_t1.mp4
model_axis,so101,deepseek,cap,cap_numeric_midpoint,2,autoadapter_bench/results/videos/model_axis/so101/cap/deepseek/cap_numeric_midpoint_t2.mp4
model_axis,so101,deepseek,cap,cap_numeric_midpoint,3,autoadapter_bench/results/videos/model_axis/so101/cap/deepseek/cap_numeric_midpoint_t3.mp4
model_axis,so101,deepseek,cap,cap_numeric_midpoint,4,autoadapter_bench/results/videos/model_axis/so101/cap/deepseek/cap_numeric_midpoint_t4.mp4
model_axis,so101,deepseek,cap,cap_pair_swap_chain,0,autoadapter_bench/results/videos/model_axis/so101/cap/deepseek/cap_pair_swap_chain_t0.mp4
model_axis,so101,deepseek,cap,cap_pair_swap_chain,1,autoadapter_bench/results/videos/model_axis/so101/cap/deepseek/cap_pair_swap_chain_t1.mp4
model_axis,so101,deepseek,cap,cap_pair_swap_chain,2,autoadapter_bench/results/videos/model_axis/so101/cap/deepseek/cap_pair_swap_chain_t2.mp4
model_axis,so101,deepseek,cap,cap_pair_swap_chain,3,autoadapter_bench/results/videos/model_axis/so101/cap/deepseek/cap_pair_swap_chain_t3.mp4
model_axis,so101,deepseek,cap,cap_pair_swap_chain,4,autoadapter_bench/results/videos/model_axis/so101/cap/deepseek/cap_pair_swap_chain_t4.mp4
model_axis,so101,deepseek,cap,cap_place_duck_inside_mug,0,autoadapter_bench/results/videos/model_axis/so101/cap/deepseek/cap_place_duck_inside_mug_t0.mp4
model_axis,so101,deepseek,cap,cap_place_duck_inside_mug,1,autoadapter_bench/results/videos/model_axis/so101/cap/deepseek/cap_place_duck_inside_mug_t1.mp4
model_axis,so101,deepseek,cap,cap_place_duck_inside_mug,2,autoadapter_bench/results/videos/model_axis/so101/cap/deepseek/cap_place_duck_inside_mug_t2.mp4
model_axis,so101,deepseek,cap,cap_place_duck_inside_mug,3,autoadapter_bench/results/videos/model_axis/so101/cap/deepseek/cap_place_duck_inside_mug_t3.mp4
model_axis,so101,deepseek,cap,cap_place_duck_inside_mug,4,autoadapter_bench/results/videos/model_axis/so101/cap/deepseek/cap_place_duck_inside_mug_t4.mp4
model_axis,so101,deepseek,cap,cap_spatial_query_pick,0,autoadapter_bench/results/videos/model_axis/so101/cap/deepseek/cap_spatial_query_pick_t0.mp4
model_axis,so101,deepseek,cap,cap_spatial_query_pick,1,autoadapter_bench/results/videos/model_axis/so101/cap/deepseek/cap_spatial_query_pick_t1.mp4
model_axis,so101,deepseek,cap,cap_spatial_query_pick,2,autoadapter_bench/results/videos/model_axis/so101/cap/deepseek/cap_spatial_query_pick_t2.mp4
model_axis,so101,deepseek,cap,cap_spatial_query_pick,3,autoadapter_bench/results/videos/model_axis/so101/cap/deepseek/cap_spatial_query_pick_t3.mp4
model_axis,so101,deepseek,cap,cap_spatial_query_pick,4,autoadapter_bench/results/videos/model_axis/so101/cap/deepseek/cap_spatial_query_pick_t4.mp4
model_axis,so101,deepseek,cap,cap_stable_place_screwdriver,0,autoadapter_bench/results/videos/model_axis/so101/cap/deepseek/cap_stable_place_screwdriver_t0.mp4
model_axis,so101,deepseek,cap,cap_stable_place_screwdriver,1,autoadapter_bench/results/videos/model_axis/so101/cap/deepseek/cap_stable_place_screwdriver_t1.mp4
model_axis,so101,deepseek,cap,cap_stable_place_screwdriver,2,autoadapter_bench/results/videos/model_axis/so101/cap/deepseek/cap_stable_place_screwdriver_t2.mp4
model_axis,so101,deepseek,cap,cap_stable_place_screwdriver,3,autoadapter_bench/results/videos/model_axis/so101/cap/deepseek/cap_stable_place_screwdriver_t3.mp4
model_axis,so101,deepseek,cap,cap_stable_place_screwdriver,4,autoadapter_bench/results/videos/model_axis/so101/cap/deepseek/cap_stable_place_screwdriver_t4.mp4
model_axis,so101,deepseek,cap,cap_stack_lego_on_duck,0,autoadapter_bench/results/videos/model_axis/so101/cap/deepseek/cap_stack_lego_on_duck_t0.mp4
model_axis,so101,deepseek,cap,cap_stack_lego_on_duck,1,autoadapter_bench/results/videos/model_axis/so101/cap/deepseek/cap_stack_lego_on_duck_t1.mp4
model_axis,so101,deepseek,cap,cap_stack_lego_on_duck,2,autoadapter_bench/results/videos/model_axis/so101/cap/deepseek/cap_stack_lego_on_duck_t2.mp4
model_axis,so101,deepseek,cap,cap_stack_lego_on_duck,3,autoadapter_bench/results/videos/model_axis/so101/cap/deepseek/cap_stack_lego_on_duck_t3.mp4
model_axis,so101,deepseek,cap,cap_stack_lego_on_duck,4,autoadapter_bench/results/videos/model_axis/so101/cap/deepseek/cap_stack_lego_on_duck_t4.mp4
model_axis,so101,deepseek,cap,cap_swap_banana_bottle,0,autoadapter_bench/results/videos/model_axis/so101/cap/deepseek/cap_swap_banana_bottle_t0.mp4
model_axis,so101,deepseek,cap,cap_swap_banana_bottle,1,autoadapter_bench/results/videos/model_axis/so101/cap/deepseek/cap_swap_banana_bottle_t1.mp4
model_axis,so101,deepseek,cap,cap_swap_banana_bottle,2,autoadapter_bench/results/videos/model_axis/so101/cap/deepseek/cap_swap_banana_bottle_t2.mp4
model_axis,so101,deepseek,cap,cap_swap_banana_bottle,3,autoadapter_bench/results/videos/model_axis/so101/cap/deepseek/cap_swap_banana_bottle_t3.mp4
model_axis,so101,deepseek,cap,cap_swap_banana_bottle,4,autoadapter_bench/results/videos/model_axis/so101/cap/deepseek/cap_swap_banana_bottle_t4.mp4
model_axis,so101,deepseek,cap,cap_tower_3_objects,0,autoadapter_bench/results/videos/model_axis/so101/cap/deepseek/cap_tower_3_objects_t0.mp4
model_axis,so101,deepseek,cap,cap_tower_3_objects,1,autoadapter_bench/results/videos/model_axis/so101/cap/deepseek/cap_tower_3_objects_t1.mp4
model_axis,so101,deepseek,cap,cap_tower_3_objects,2,autoadapter_bench/results/videos/model_axis/so101/cap/deepseek/cap_tower_3_objects_t2.mp4
model_axis,so101,deepseek,cap,cap_tower_3_objects,3,autoadapter_bench/results/videos/model_axis/so101/cap/deepseek/cap_tower_3_objects_t3.mp4
model_axis,so101,deepseek,cap,cap_tower_3_objects,4,autoadapter_bench/results/videos/model_axis/so101/cap/deepseek/cap_tower_3_objects_t4.mp4
model_axis,so101,deepseek,cap,cap_visit_all_objects,0,autoadapter_bench/results/videos/model_axis/so101/cap/deepseek/cap_visit_all_objects_t0.mp4
model_axis,so101,deepseek,cap,cap_visit_all_objects,1,autoadapter_bench/results/videos/model_axis/so101/cap/deepseek/cap_visit_all_objects_t1.mp4
model_axis,so101,deepseek,cap,cap_visit_all_objects,2,autoadapter_bench/results/videos/model_axis/so101/cap/deepseek/cap_visit_all_objects_t2.mp4
model_axis,so101,deepseek,cap,cap_visit_all_objects,3,autoadapter_bench/results/videos/model_axis/so101/cap/deepseek/cap_visit_all_objects_t3.mp4
model_axis,so101,deepseek,cap,cap_visit_all_objects,4,autoadapter_bench/results/videos/model_axis/so101/cap/deepseek/cap_visit_all_objects_t4.mp4
model_axis,so101,haiku45,cap,cap_clear_then_reach,0,autoadapter_bench/results/videos/model_axis/so101/cap/haiku45/cap_clear_then_reach_t0.mp4
model_axis,so101,haiku45,cap,cap_clear_then_reach,1,autoadapter_bench/results/videos/model_axis/so101/cap/haiku45/cap_clear_then_reach_t1.mp4
model_axis,so101,haiku45,cap,cap_clear_then_reach,2,autoadapter_bench/results/videos/model_axis/so101/cap/haiku45/cap_clear_then_reach_t2.mp4
model_axis,so101,haiku45,cap,cap_clear_then_reach,3,autoadapter_bench/results/videos/model_axis/so101/cap/haiku45/cap_clear_then_reach_t3.mp4
model_axis,so101,haiku45,cap,cap_clear_then_reach,4,autoadapter_bench/results/videos/model_axis/so101/cap/haiku45/cap_clear_then_reach_t4.mp4
model_axis,so101,haiku45,cap,cap_collision_avoid_bottle,0,autoadapter_bench/results/videos/model_axis/so101/cap/haiku45/cap_collision_avoid_bottle_t0.mp4
model_axis,so101,haiku45,cap,cap_collision_avoid_bottle,1,autoadapter_bench/results/videos/model_axis/so101/cap/haiku45/cap_collision_avoid_bottle_t1.mp4
model_axis,so101,haiku45,cap,cap_collision_avoid_bottle,2,autoadapter_bench/results/videos/model_axis/so101/cap/haiku45/cap_collision_avoid_bottle_t2.mp4
model_axis,so101,haiku45,cap,cap_collision_avoid_bottle,3,autoadapter_bench/results/videos/model_axis/so101/cap/haiku45/cap_collision_avoid_bottle_t3.mp4
model_axis,so101,haiku45,cap,cap_collision_avoid_bottle,4,autoadapter_bench/results/videos/model_axis/so101/cap/haiku45/cap_collision_avoid_bottle_t4.mp4
model_axis,so101,haiku45,cap,cap_conditional_pick,0,autoadapter_bench/results/videos/model_axis/so101/cap/haiku45/cap_conditional_pick_t0.mp4
model_axis,so101,haiku45,cap,cap_conditional_pick,1,autoadapter_bench/results/videos/model_axis/so101/cap/haiku45/cap_conditional_pick_t1.mp4
model_axis,so101,haiku45,cap,cap_conditional_pick,2,autoadapter_bench/results/videos/model_axis/so101/cap/haiku45/cap_conditional_pick_t2.mp4
model_axis,so101,haiku45,cap,cap_conditional_pick,3,autoadapter_bench/results/videos/model_axis/so101/cap/haiku45/cap_conditional_pick_t3.mp4
model_axis,so101,haiku45,cap,cap_conditional_pick,4,autoadapter_bench/results/videos/model_axis/so101/cap/haiku45/cap_conditional_pick_t4.mp4
model_axis,so101,haiku45,cap,cap_draw_letter_L,0,autoadapter_bench/results/videos/model_axis/so101/cap/haiku45/cap_draw_letter_L_t0.mp4
model_axis,so101,haiku45,cap,cap_draw_letter_L,1,autoadapter_bench/results/videos/model_axis/so101/cap/haiku45/cap_draw_letter_L_t1.mp4
model_axis,so101,haiku45,cap,cap_draw_letter_L,2,autoadapter_bench/results/videos/model_axis/so101/cap/haiku45/cap_draw_letter_L_t2.mp4
model_axis,so101,haiku45,cap,cap_draw_letter_L,3,autoadapter_bench/results/videos/model_axis/so101/cap/haiku45/cap_draw_letter_L_t3.mp4
model_axis,so101,haiku45,cap,cap_draw_letter_L,4,autoadapter_bench/results/videos/model_axis/so101/cap/haiku45/cap_draw_letter_L_t4.mp4
model_axis,so101,haiku45,cap,cap_numeric_midpoint,0,autoadapter_bench/results/videos/model_axis/so101/cap/haiku45/cap_numeric_midpoint_t0.mp4
model_axis,so101,haiku45,cap,cap_numeric_midpoint,1,autoadapter_bench/results/videos/model_axis/so101/cap/haiku45/cap_numeric_midpoint_t1.mp4
model_axis,so101,haiku45,cap,cap_numeric_midpoint,2,autoadapter_bench/results/videos/model_axis/so101/cap/haiku45/cap_numeric_midpoint_t2.mp4
model_axis,so101,haiku45,cap,cap_numeric_midpoint,3,autoadapter_bench/results/videos/model_axis/so101/cap/haiku45/cap_numeric_midpoint_t3.mp4
model_axis,so101,haiku45,cap,cap_numeric_midpoint,4,autoadapter_bench/results/videos/model_axis/so101/cap/haiku45/cap_numeric_midpoint_t4.mp4
model_axis,so101,haiku45,cap,cap_pair_swap_chain,0,autoadapter_bench/results/videos/model_axis/so101/cap/haiku45/cap_pair_swap_chain_t0.mp4
model_axis,so101,haiku45,cap,cap_pair_swap_chain,1,autoadapter_bench/results/videos/model_axis/so101/cap/haiku45/cap_pair_swap_chain_t1.mp4
model_axis,so101,haiku45,cap,cap_pair_swap_chain,2,autoadapter_bench/results/videos/model_axis/so101/cap/haiku45/cap_pair_swap_chain_t2.mp4
model_axis,so101,haiku45,cap,cap_pair_swap_chain,3,autoadapter_bench/results/videos/model_axis/so101/cap/haiku45/cap_pair_swap_chain_t3.mp4
model_axis,so101,haiku45,cap,cap_pair_swap_chain,4,autoadapter_bench/results/videos/model_axis/so101/cap/haiku45/cap_pair_swap_chain_t4.mp4
model_axis,so101,haiku45,cap,cap_place_duck_inside_mug,0,autoadapter_bench/results/videos/model_axis/so101/cap/haiku45/cap_place_duck_inside_mug_t0.mp4
model_axis,so101,haiku45,cap,cap_place_duck_inside_mug,1,autoadapter_bench/results/videos/model_axis/so101/cap/haiku45/cap_place_duck_inside_mug_t1.mp4
model_axis,so101,haiku45,cap,cap_place_duck_inside_mug,2,autoadapter_bench/results/videos/model_axis/so101/cap/haiku45/cap_place_duck_inside_mug_t2.mp4
model_axis,so101,haiku45,cap,cap_place_duck_inside_mug,3,autoadapter_bench/results/videos/model_axis/so101/cap/haiku45/cap_place_duck_inside_mug_t3.mp4
model_axis,so101,haiku45,cap,cap_place_duck_inside_mug,4,autoadapter_bench/results/videos/model_axis/so101/cap/haiku45/cap_place_duck_inside_mug_t4.mp4
model_axis,so101,haiku45,cap,cap_spatial_query_pick,0,autoadapter_bench/results/videos/model_axis/so101/cap/haiku45/cap_spatial_query_pick_t0.mp4
model_axis,so101,haiku45,cap,cap_spatial_query_pick,1,autoadapter_bench/results/videos/model_axis/so101/cap/haiku45/cap_spatial_query_pick_t1.mp4
model_axis,so101,haiku45,cap,cap_spatial_query_pick,2,autoadapter_bench/results/videos/model_axis/so101/cap/haiku45/cap_spatial_query_pick_t2.mp4
model_axis,so101,haiku45,cap,cap_spatial_query_pick,3,autoadapter_bench/results/videos/model_axis/so101/cap/haiku45/cap_spatial_query_pick_t3.mp4
model_axis,so101,haiku45,cap,cap_spatial_query_pick,4,autoadapter_bench/results/videos/model_axis/so101/cap/haiku45/cap_spatial_query_pick_t4.mp4
model_axis,so101,haiku45,cap,cap_stable_place_screwdriver,0,autoadapter_bench/results/videos/model_axis/so101/cap/haiku45/cap_stable_place_screwdriver_t0.mp4
model_axis,so101,haiku45,cap,cap_stable_place_screwdriver,1,autoadapter_bench/results/videos/model_axis/so101/cap/haiku45/cap_stable_place_screwdriver_t1.mp4
model_axis,so101,haiku45,cap,cap_stable_place_screwdriver,2,autoadapter_bench/results/videos/model_axis/so101/cap/haiku45/cap_stable_place_screwdriver_t2.mp4
model_axis,so101,haiku45,cap,cap_stable_place_screwdriver,3,autoadapter_bench/results/videos/model_axis/so101/cap/haiku45/cap_stable_place_screwdriver_t3.mp4
model_axis,so101,haiku45,cap,cap_stable_place_screwdriver,4,autoadapter_bench/results/videos/model_axis/so101/cap/haiku45/cap_stable_place_screwdriver_t4.mp4
model_axis,so101,haiku45,cap,cap_stack_lego_on_duck,0,autoadapter_bench/results/videos/model_axis/so101/cap/haiku45/cap_stack_lego_on_duck_t0.mp4
model_axis,so101,haiku45,cap,cap_stack_lego_on_duck,1,autoadapter_bench/results/videos/model_axis/so101/cap/haiku45/cap_stack_lego_on_duck_t1.mp4
model_axis,so101,haiku45,cap,cap_stack_lego_on_duck,2,autoadapter_bench/results/videos/model_axis/so101/cap/haiku45/cap_stack_lego_on_duck_t2.mp4
model_axis,so101,haiku45,cap,cap_stack_lego_on_duck,3,autoadapter_bench/results/videos/model_axis/so101/cap/haiku45/cap_stack_lego_on_duck_t3.mp4
model_axis,so101,haiku45,cap,cap_stack_lego_on_duck,4,autoadapter_bench/results/videos/model_axis/so101/cap/haiku45/cap_stack_lego_on_duck_t4.mp4
model_axis,so101,haiku45,cap,cap_swap_banana_bottle,0,autoadapter_bench/results/videos/model_axis/so101/cap/haiku45/cap_swap_banana_bottle_t0.mp4
model_axis,so101,haiku45,cap,cap_swap_banana_bottle,1,autoadapter_bench/results/videos/model_axis/so101/cap/haiku45/cap_swap_banana_bottle_t1.mp4
model_axis,so101,haiku45,cap,cap_swap_banana_bottle,2,autoadapter_bench/results/videos/model_axis/so101/cap/haiku45/cap_swap_banana_bottle_t2.mp4
model_axis,so101,haiku45,cap,cap_swap_banana_bottle,3,autoadapter_bench/results/videos/model_axis/so101/cap/haiku45/cap_swap_banana_bottle_t3.mp4
model_axis,so101,haiku45,cap,cap_swap_banana_bottle,4,autoadapter_bench/results/videos/model_axis/so101/cap/haiku45/cap_swap_banana_bottle_t4.mp4
model_axis,so101,haiku45,cap,cap_tower_3_objects,0,autoadapter_bench/results/videos/model_axis/so101/cap/haiku45/cap_tower_3_objects_t0.mp4
model_axis,so101,haiku45,cap,cap_tower_3_objects,1,autoadapter_bench/results/videos/model_axis/so101/cap/haiku45/cap_tower_3_objects_t1.mp4
model_axis,so101,haiku45,cap,cap_tower_3_objects,2,autoadapter_bench/results/videos/model_axis/so101/cap/haiku45/cap_tower_3_objects_t2.mp4
model_axis,so101,haiku45,cap,cap_tower_3_objects,3,autoadapter_bench/results/videos/model_axis/so101/cap/haiku45/cap_tower_3_objects_t3.mp4
model_axis,so101,haiku45,cap,cap_tower_3_objects,4,autoadapter_bench/results/videos/model_axis/so101/cap/haiku45/cap_tower_3_objects_t4.mp4
model_axis,so101,haiku45,cap,cap_visit_all_objects,0,autoadapter_bench/results/videos/model_axis/so101/cap/haiku45/cap_visit_all_objects_t0.mp4
model_axis,so101,haiku45,cap,cap_visit_all_objects,1,autoadapter_bench/results/videos/model_axis/so101/cap/haiku45/cap_visit_all_objects_t1.mp4
model_axis,so101,haiku45,cap,cap_visit_all_objects,2,autoadapter_bench/results/videos/model_axis/so101/cap/haiku45/cap_visit_all_objects_t2.mp4
model_axis,so101,haiku45,cap,cap_visit_all_objects,3,autoadapter_bench/results/videos/model_axis/so101/cap/haiku45/cap_visit_all_objects_t3.mp4
model_axis,so101,haiku45,cap,cap_visit_all_objects,4,autoadapter_bench/results/videos/model_axis/so101/cap/haiku45/cap_visit_all_objects_t4.mp4
model_axis,so101,ministral8b,cap,cap_clear_then_reach,0,autoadapter_bench/results/videos/model_axis/so101/cap/ministral8b/cap_clear_then_reach_t0.mp4
model_axis,so101,ministral8b,cap,cap_clear_then_reach,1,autoadapter_bench/results/videos/model_axis/so101/cap/ministral8b/cap_clear_then_reach_t1.mp4
model_axis,so101,ministral8b,cap,cap_clear_then_reach,2,autoadapter_bench/results/videos/model_axis/so101/cap/ministral8b/cap_clear_then_reach_t2.mp4
model_axis,so101,ministral8b,cap,cap_clear_then_reach,3,autoadapter_bench/results/videos/model_axis/so101/cap/ministral8b/cap_clear_then_reach_t3.mp4
model_axis,so101,ministral8b,cap,cap_clear_then_reach,4,autoadapter_bench/results/videos/model_axis/so101/cap/ministral8b/cap_clear_then_reach_t4.mp4
model_axis,so101,ministral8b,cap,cap_collision_avoid_bottle,0,autoadapter_bench/results/videos/model_axis/so101/cap/ministral8b/cap_collision_avoid_bottle_t0.mp4
model_axis,so101,ministral8b,cap,cap_collision_avoid_bottle,1,autoadapter_bench/results/videos/model_axis/so101/cap/ministral8b/cap_collision_avoid_bottle_t1.mp4
model_axis,so101,ministral8b,cap,cap_collision_avoid_bottle,2,autoadapter_bench/results/videos/model_axis/so101/cap/ministral8b/cap_collision_avoid_bottle_t2.mp4
model_axis,so101,ministral8b,cap,cap_collision_avoid_bottle,3,autoadapter_bench/results/videos/model_axis/so101/cap/ministral8b/cap_collision_avoid_bottle_t3.mp4
model_axis,so101,ministral8b,cap,cap_collision_avoid_bottle,4,autoadapter_bench/results/videos/model_axis/so101/cap/ministral8b/cap_collision_avoid_bottle_t4.mp4
model_axis,so101,ministral8b,cap,cap_conditional_pick,0,autoadapter_bench/results/videos/model_axis/so101/cap/ministral8b/cap_conditional_pick_t0.mp4
model_axis,so101,ministral8b,cap,cap_conditional_pick,1,autoadapter_bench/results/videos/model_axis/so101/cap/ministral8b/cap_conditional_pick_t1.mp4
model_axis,so101,ministral8b,cap,cap_conditional_pick,2,autoadapter_bench/results/videos/model_axis/so101/cap/ministral8b/cap_conditional_pick_t2.mp4
model_axis,so101,ministral8b,cap,cap_conditional_pick,3,autoadapter_bench/results/videos/model_axis/so101/cap/ministral8b/cap_conditional_pick_t3.mp4
model_axis,so101,ministral8b,cap,cap_conditional_pick,4,autoadapter_bench/results/videos/model_axis/so101/cap/ministral8b/cap_conditional_pick_t4.mp4
model_axis,so101,ministral8b,cap,cap_draw_letter_L,0,autoadapter_bench/results/videos/model_axis/so101/cap/ministral8b/cap_draw_letter_L_t0.mp4
model_axis,so101,ministral8b,cap,cap_draw_letter_L,1,autoadapter_bench/results/videos/model_axis/so101/cap/ministral8b/cap_draw_letter_L_t1.mp4
model_axis,so101,ministral8b,cap,cap_draw_letter_L,2,autoadapter_bench/results/videos/model_axis/so101/cap/ministral8b/cap_draw_letter_L_t2.mp4
model_axis,so101,ministral8b,cap,cap_draw_letter_L,3,autoadapter_bench/results/videos/model_axis/so101/cap/ministral8b/cap_draw_letter_L_t3.mp4
model_axis,so101,ministral8b,cap,cap_draw_letter_L,4,autoadapter_bench/results/videos/model_axis/so101/cap/ministral8b/cap_draw_letter_L_t4.mp4
model_axis,so101,ministral8b,cap,cap_pair_swap_chain,0,autoadapter_bench/results/videos/model_axis/so101/cap/ministral8b/cap_pair_swap_chain_t0.mp4
model_axis,so101,ministral8b,cap,cap_pair_swap_chain,1,autoadapter_bench/results/videos/model_axis/so101/cap/ministral8b/cap_pair_swap_chain_t1.mp4
model_axis,so101,ministral8b,cap,cap_pair_swap_chain,2,autoadapter_bench/results/videos/model_axis/so101/cap/ministral8b/cap_pair_swap_chain_t2.mp4
model_axis,so101,ministral8b,cap,cap_pair_swap_chain,3,autoadapter_bench/results/videos/model_axis/so101/cap/ministral8b/cap_pair_swap_chain_t3.mp4
model_axis,so101,ministral8b,cap,cap_pair_swap_chain,4,autoadapter_bench/results/videos/model_axis/so101/cap/ministral8b/cap_pair_swap_chain_t4.mp4
model_axis,so101,ministral8b,cap,cap_place_duck_inside_mug,0,autoadapter_bench/results/videos/model_axis/so101/cap/ministral8b/cap_place_duck_inside_mug_t0.mp4
model_axis,so101,ministral8b,cap,cap_place_duck_inside_mug,1,autoadapter_bench/results/videos/model_axis/so101/cap/ministral8b/cap_place_duck_inside_mug_t1.mp4
model_axis,so101,ministral8b,cap,cap_place_duck_inside_mug,2,autoadapter_bench/results/videos/model_axis/so101/cap/ministral8b/cap_place_duck_inside_mug_t2.mp4
model_axis,so101,ministral8b,cap,cap_place_duck_inside_mug,3,autoadapter_bench/results/videos/model_axis/so101/cap/ministral8b/cap_place_duck_inside_mug_t3.mp4
model_axis,so101,ministral8b,cap,cap_place_duck_inside_mug,4,autoadapter_bench/results/videos/model_axis/so101/cap/ministral8b/cap_place_duck_inside_mug_t4.mp4
model_axis,so101,ministral8b,cap,cap_spatial_query_pick,0,autoadapter_bench/results/videos/model_axis/so101/cap/ministral8b/cap_spatial_query_pick_t0.mp4
model_axis,so101,ministral8b,cap,cap_spatial_query_pick,1,autoadapter_bench/results/videos/model_axis/so101/cap/ministral8b/cap_spatial_query_pick_t1.mp4
model_axis,so101,ministral8b,cap,cap_spatial_query_pick,2,autoadapter_bench/results/videos/model_axis/so101/cap/ministral8b/cap_spatial_query_pick_t2.mp4
model_axis,so101,ministral8b,cap,cap_spatial_query_pick,3,autoadapter_bench/results/videos/model_axis/so101/cap/ministral8b/cap_spatial_query_pick_t3.mp4
model_axis,so101,ministral8b,cap,cap_spatial_query_pick,4,autoadapter_bench/results/videos/model_axis/so101/cap/ministral8b/cap_spatial_query_pick_t4.mp4
model_axis,so101,ministral8b,cap,cap_stable_place_screwdriver,0,autoadapter_bench/results/videos/model_axis/so101/cap/ministral8b/cap_stable_place_screwdriver_t0.mp4
model_axis,so101,ministral8b,cap,cap_stable_place_screwdriver,1,autoadapter_bench/results/videos/model_axis/so101/cap/ministral8b/cap_stable_place_screwdriver_t1.mp4
model_axis,so101,ministral8b,cap,cap_stable_place_screwdriver,2,autoadapter_bench/results/videos/model_axis/so101/cap/ministral8b/cap_stable_place_screwdriver_t2.mp4
model_axis,so101,ministral8b,cap,cap_stable_place_screwdriver,3,autoadapter_bench/results/videos/model_axis/so101/cap/ministral8b/cap_stable_place_screwdriver_t3.mp4
model_axis,so101,ministral8b,cap,cap_stable_place_screwdriver,4,autoadapter_bench/results/videos/model_axis/so101/cap/ministral8b/cap_stable_place_screwdriver_t4.mp4
model_axis,so101,ministral8b,cap,cap_stack_lego_on_duck,0,autoadapter_bench/results/videos/model_axis/so101/cap/ministral8b/cap_stack_lego_on_duck_t0.mp4
model_axis,so101,ministral8b,cap,cap_stack_lego_on_duck,1,autoadapter_bench/results/videos/model_axis/so101/cap/ministral8b/cap_stack_lego_on_duck_t1.mp4
model_axis,so101,ministral8b,cap,cap_stack_lego_on_duck,2,autoadapter_bench/results/videos/model_axis/so101/cap/ministral8b/cap_stack_lego_on_duck_t2.mp4
model_axis,so101,ministral8b,cap,cap_stack_lego_on_duck,3,autoadapter_bench/results/videos/model_axis/so101/cap/ministral8b/cap_stack_lego_on_duck_t3.mp4
model_axis,so101,ministral8b,cap,cap_stack_lego_on_duck,4,autoadapter_bench/results/videos/model_axis/so101/cap/ministral8b/cap_stack_lego_on_duck_t4.mp4
model_axis,so101,ministral8b,cap,cap_swap_banana_bottle,0,autoadapter_bench/results/videos/model_axis/so101/cap/ministral8b/cap_swap_banana_bottle_t0.mp4
model_axis,so101,ministral8b,cap,cap_swap_banana_bottle,1,autoadapter_bench/results/videos/model_axis/so101/cap/ministral8b/cap_swap_banana_bottle_t1.mp4
model_axis,so101,ministral8b,cap,cap_swap_banana_bottle,2,autoadapter_bench/results/videos/model_axis/so101/cap/ministral8b/cap_swap_banana_bottle_t2.mp4
model_axis,so101,ministral8b,cap,cap_swap_banana_bottle,3,autoadapter_bench/results/videos/model_axis/so101/cap/ministral8b/cap_swap_banana_bottle_t3.mp4
model_axis,so101,ministral8b,cap,cap_swap_banana_bottle,4,autoadapter_bench/results/videos/model_axis/so101/cap/ministral8b/cap_swap_banana_bottle_t4.mp4
model_axis,so101,ministral8b,cap,cap_tower_3_objects,0,autoadapter_bench/results/videos/model_axis/so101/cap/ministral8b/cap_tower_3_objects_t0.mp4
model_axis,so101,ministral8b,cap,cap_tower_3_objects,1,autoadapter_bench/results/videos/model_axis/so101/cap/ministral8b/cap_tower_3_objects_t1.mp4
model_axis,so101,ministral8b,cap,cap_tower_3_objects,2,autoadapter_bench/results/videos/model_axis/so101/cap/ministral8b/cap_tower_3_objects_t2.mp4
model_axis,so101,ministral8b,cap,cap_tower_3_objects,3,autoadapter_bench/results/videos/model_axis/so101/cap/ministral8b/cap_tower_3_objects_t3.mp4
model_axis,so101,ministral8b,cap,cap_tower_3_objects,4,autoadapter_bench/results/videos/model_axis/so101/cap/ministral8b/cap_tower_3_objects_t4.mp4
model_axis,so101,ministral8b,cap,cap_visit_all_objects,0,autoadapter_bench/results/videos/model_axis/so101/cap/ministral8b/cap_visit_all_objects_t0.mp4
model_axis,so101,ministral8b,cap,cap_visit_all_objects,1,autoadapter_bench/results/videos/model_axis/so101/cap/ministral8b/cap_visit_all_objects_t1.mp4
model_axis,so101,ministral8b,cap,cap_visit_all_objects,2,autoadapter_bench/results/videos/model_axis/so101/cap/ministral8b/cap_visit_all_objects_t2.mp4
model_axis,so101,ministral8b,cap,cap_visit_all_objects,3,autoadapter_bench/results/videos/model_axis/so101/cap/ministral8b/cap_visit_all_objects_t3.mp4
model_axis,so101,ministral8b,cap,cap_visit_all_objects,4,autoadapter_bench/results/videos/model_axis/so101/cap/ministral8b/cap_visit_all_objects_t4.mp4
model_axis,so101,novapro,cap,cap_clear_then_reach,0,autoadapter_bench/results/videos/model_axis/so101/cap/novapro/cap_clear_then_reach_t0.mp4
model_axis,so101,novapro,cap,cap_clear_then_reach,1,autoadapter_bench/results/videos/model_axis/so101/cap/novapro/cap_clear_then_reach_t1.mp4
model_axis,so101,novapro,cap,cap_clear_then_reach,2,autoadapter_bench/results/videos/model_axis/so101/cap/novapro/cap_clear_then_reach_t2.mp4
model_axis,so101,novapro,cap,cap_clear_then_reach,3,autoadapter_bench/results/videos/model_axis/so101/cap/novapro/cap_clear_then_reach_t3.mp4
model_axis,so101,novapro,cap,cap_clear_then_reach,4,autoadapter_bench/results/videos/model_axis/so101/cap/novapro/cap_clear_then_reach_t4.mp4
model_axis,so101,novapro,cap,cap_collision_avoid_bottle,0,autoadapter_bench/results/videos/model_axis/so101/cap/novapro/cap_collision_avoid_bottle_t0.mp4
model_axis,so101,novapro,cap,cap_collision_avoid_bottle,1,autoadapter_bench/results/videos/model_axis/so101/cap/novapro/cap_collision_avoid_bottle_t1.mp4
model_axis,so101,novapro,cap,cap_collision_avoid_bottle,2,autoadapter_bench/results/videos/model_axis/so101/cap/novapro/cap_collision_avoid_bottle_t2.mp4
model_axis,so101,novapro,cap,cap_collision_avoid_bottle,3,autoadapter_bench/results/videos/model_axis/so101/cap/novapro/cap_collision_avoid_bottle_t3.mp4
model_axis,so101,novapro,cap,cap_collision_avoid_bottle,4,autoadapter_bench/results/videos/model_axis/so101/cap/novapro/cap_collision_avoid_bottle_t4.mp4
model_axis,so101,novapro,cap,cap_conditional_pick,0,autoadapter_bench/results/videos/model_axis/so101/cap/novapro/cap_conditional_pick_t0.mp4
model_axis,so101,novapro,cap,cap_conditional_pick,1,autoadapter_bench/results/videos/model_axis/so101/cap/novapro/cap_conditional_pick_t1.mp4
model_axis,so101,novapro,cap,cap_conditional_pick,2,autoadapter_bench/results/videos/model_axis/so101/cap/novapro/cap_conditional_pick_t2.mp4
model_axis,so101,novapro,cap,cap_conditional_pick,3,autoadapter_bench/results/videos/model_axis/so101/cap/novapro/cap_conditional_pick_t3.mp4
model_axis,so101,novapro,cap,cap_conditional_pick,4,autoadapter_bench/results/videos/model_axis/so101/cap/novapro/cap_conditional_pick_t4.mp4
model_axis,so101,novapro,cap,cap_draw_letter_L,0,autoadapter_bench/results/videos/model_axis/so101/cap/novapro/cap_draw_letter_L_t0.mp4
model_axis,so101,novapro,cap,cap_draw_letter_L,1,autoadapter_bench/results/videos/model_axis/so101/cap/novapro/cap_draw_letter_L_t1.mp4
model_axis,so101,novapro,cap,cap_draw_letter_L,2,autoadapter_bench/results/videos/model_axis/so101/cap/novapro/cap_draw_letter_L_t2.mp4
model_axis,so101,novapro,cap,cap_draw_letter_L,3,autoadapter_bench/results/videos/model_axis/so101/cap/novapro/cap_draw_letter_L_t3.mp4
model_axis,so101,novapro,cap,cap_draw_letter_L,4,autoadapter_bench/results/videos/model_axis/so101/cap/novapro/cap_draw_letter_L_t4.mp4
model_axis,so101,novapro,cap,cap_numeric_midpoint,0,autoadapter_bench/results/videos/model_axis/so101/cap/novapro/cap_numeric_midpoint_t0.mp4
model_axis,so101,novapro,cap,cap_numeric_midpoint,1,autoadapter_bench/results/videos/model_axis/so101/cap/novapro/cap_numeric_midpoint_t1.mp4
model_axis,so101,novapro,cap,cap_numeric_midpoint,2,autoadapter_bench/results/videos/model_axis/so101/cap/novapro/cap_numeric_midpoint_t2.mp4
model_axis,so101,novapro,cap,cap_numeric_midpoint,3,autoadapter_bench/results/videos/model_axis/so101/cap/novapro/cap_numeric_midpoint_t3.mp4
model_axis,so101,novapro,cap,cap_numeric_midpoint,4,autoadapter_bench/results/videos/model_axis/so101/cap/novapro/cap_numeric_midpoint_t4.mp4
model_axis,so101,novapro,cap,cap_pair_swap_chain,0,autoadapter_bench/results/videos/model_axis/so101/cap/novapro/cap_pair_swap_chain_t0.mp4
model_axis,so101,novapro,cap,cap_pair_swap_chain,1,autoadapter_bench/results/videos/model_axis/so101/cap/novapro/cap_pair_swap_chain_t1.mp4
model_axis,so101,novapro,cap,cap_pair_swap_chain,2,autoadapter_bench/results/videos/model_axis/so101/cap/novapro/cap_pair_swap_chain_t2.mp4
model_axis,so101,novapro,cap,cap_pair_swap_chain,3,autoadapter_bench/results/videos/model_axis/so101/cap/novapro/cap_pair_swap_chain_t3.mp4
model_axis,so101,novapro,cap,cap_pair_swap_chain,4,autoadapter_bench/results/videos/model_axis/so101/cap/novapro/cap_pair_swap_chain_t4.mp4
model_axis,so101,novapro,cap,cap_place_duck_inside_mug,0,autoadapter_bench/results/videos/model_axis/so101/cap/novapro/cap_place_duck_inside_mug_t0.mp4
model_axis,so101,novapro,cap,cap_place_duck_inside_mug,1,autoadapter_bench/results/videos/model_axis/so101/cap/novapro/cap_place_duck_inside_mug_t1.mp4
model_axis,so101,novapro,cap,cap_place_duck_inside_mug,2,autoadapter_bench/results/videos/model_axis/so101/cap/novapro/cap_place_duck_inside_mug_t2.mp4
model_axis,so101,novapro,cap,cap_place_duck_inside_mug,3,autoadapter_bench/results/videos/model_axis/so101/cap/novapro/cap_place_duck_inside_mug_t3.mp4
model_axis,so101,novapro,cap,cap_place_duck_inside_mug,4,autoadapter_bench/results/videos/model_axis/so101/cap/novapro/cap_place_duck_inside_mug_t4.mp4
model_axis,so101,novapro,cap,cap_spatial_query_pick,0,autoadapter_bench/results/videos/model_axis/so101/cap/novapro/cap_spatial_query_pick_t0.mp4
model_axis,so101,novapro,cap,cap_spatial_query_pick,1,autoadapter_bench/results/videos/model_axis/so101/cap/novapro/cap_spatial_query_pick_t1.mp4
model_axis,so101,novapro,cap,cap_spatial_query_pick,2,autoadapter_bench/results/videos/model_axis/so101/cap/novapro/cap_spatial_query_pick_t2.mp4
model_axis,so101,novapro,cap,cap_spatial_query_pick,3,autoadapter_bench/results/videos/model_axis/so101/cap/novapro/cap_spatial_query_pick_t3.mp4
model_axis,so101,novapro,cap,cap_spatial_query_pick,4,autoadapter_bench/results/videos/model_axis/so101/cap/novapro/cap_spatial_query_pick_t4.mp4
model_axis,so101,novapro,cap,cap_stable_place_screwdriver,0,autoadapter_bench/results/videos/model_axis/so101/cap/novapro/cap_stable_place_screwdriver_t0.mp4
model_axis,so101,novapro,cap,cap_stable_place_screwdriver,1,autoadapter_bench/results/videos/model_axis/so101/cap/novapro/cap_stable_place_screwdriver_t1.mp4
model_axis,so101,novapro,cap,cap_stable_place_screwdriver,2,autoadapter_bench/results/videos/model_axis/so101/cap/novapro/cap_stable_place_screwdriver_t2.mp4
model_axis,so101,novapro,cap,cap_stable_place_screwdriver,3,autoadapter_bench/results/videos/model_axis/so101/cap/novapro/cap_stable_place_screwdriver_t3.mp4
model_axis,so101,novapro,cap,cap_stable_place_screwdriver,4,autoadapter_bench/results/videos/model_axis/so101/cap/novapro/cap_stable_place_screwdriver_t4.mp4
model_axis,so101,novapro,cap,cap_stack_lego_on_duck,0,autoadapter_bench/results/videos/model_axis/so101/cap/novapro/cap_stack_lego_on_duck_t0.mp4
model_axis,so101,novapro,cap,cap_stack_lego_on_duck,1,autoadapter_bench/results/videos/model_axis/so101/cap/novapro/cap_stack_lego_on_duck_t1.mp4
model_axis,so101,novapro,cap,cap_stack_lego_on_duck,2,autoadapter_bench/results/videos/model_axis/so101/cap/novapro/cap_stack_lego_on_duck_t2.mp4
model_axis,so101,novapro,cap,cap_stack_lego_on_duck,3,autoadapter_bench/results/videos/model_axis/so101/cap/novapro/cap_stack_lego_on_duck_t3.mp4
model_axis,so101,novapro,cap,cap_stack_lego_on_duck,4,autoadapter_bench/results/videos/model_axis/so101/cap/novapro/cap_stack_lego_on_duck_t4.mp4
model_axis,so101,novapro,cap,cap_swap_banana_bottle,0,autoadapter_bench/results/videos/model_axis/so101/cap/novapro/cap_swap_banana_bottle_t0.mp4
model_axis,so101,novapro,cap,cap_swap_banana_bottle,1,autoadapter_bench/results/videos/model_axis/so101/cap/novapro/cap_swap_banana_bottle_t1.mp4
model_axis,so101,novapro,cap,cap_swap_banana_bottle,2,autoadapter_bench/results/videos/model_axis/so101/cap/novapro/cap_swap_banana_bottle_t2.mp4
model_axis,so101,novapro,cap,cap_swap_banana_bottle,3,autoadapter_bench/results/videos/model_axis/so101/cap/novapro/cap_swap_banana_bottle_t3.mp4
model_axis,so101,novapro,cap,cap_swap_banana_bottle,4,autoadapter_bench/results/videos/model_axis/so101/cap/novapro/cap_swap_banana_bottle_t4.mp4
model_axis,so101,novapro,cap,cap_tower_3_objects,0,autoadapter_bench/results/videos/model_axis/so101/cap/novapro/cap_tower_3_objects_t0.mp4
model_axis,so101,novapro,cap,cap_tower_3_objects,1,autoadapter_bench/results/videos/model_axis/so101/cap/novapro/cap_tower_3_objects_t1.mp4
model_axis,so101,novapro,cap,cap_tower_3_objects,2,autoadapter_bench/results/videos/model_axis/so101/cap/novapro/cap_tower_3_objects_t2.mp4
model_axis,so101,novapro,cap,cap_tower_3_objects,3,autoadapter_bench/results/videos/model_axis/so101/cap/novapro/cap_tower_3_objects_t3.mp4
model_axis,so101,novapro,cap,cap_tower_3_objects,4,autoadapter_bench/results/videos/model_axis/so101/cap/novapro/cap_tower_3_objects_t4.mp4
model_axis,so101,novapro,cap,cap_visit_all_objects,0,autoadapter_bench/results/videos/model_axis/so101/cap/novapro/cap_visit_all_objects_t0.mp4
model_axis,so101,novapro,cap,cap_visit_all_objects,1,autoadapter_bench/results/videos/model_axis/so101/cap/novapro/cap_visit_all_objects_t1.mp4
model_axis,so101,novapro,cap,cap_visit_all_objects,2,autoadapter_bench/results/videos/model_axis/so101/cap/novapro/cap_visit_all_objects_t2.mp4
model_axis,so101,novapro,cap,cap_visit_all_objects,3,autoadapter_bench/results/videos/model_axis/so101/cap/novapro/cap_visit_all_objects_t3.mp4
model_axis,so101,novapro,cap,cap_visit_all_objects,4,autoadapter_bench/results/videos/model_axis/so101/cap/novapro/cap_visit_all_objects_t4.mp4
model_axis,so101,opus48,cap,cap_stack_lego_on_duck,0,autoadapter_bench/results/videos/model_axis/so101/cap/opus48/cap_stack_lego_on_duck_t0.mp4
model_axis,so101,opus48,cap,cap_stack_lego_on_duck,1,autoadapter_bench/results/videos/model_axis/so101/cap/opus48/cap_stack_lego_on_duck_t1.mp4
model_axis,so101,opus48,cap,cap_stack_lego_on_duck,2,autoadapter_bench/results/videos/model_axis/so101/cap/opus48/cap_stack_lego_on_duck_t2.mp4
model_axis,so101,opus48,cap,cap_stack_lego_on_duck,3,autoadapter_bench/results/videos/model_axis/so101/cap/opus48/cap_stack_lego_on_duck_t3.mp4
model_axis,so101,qwen32,cap,cap_clear_then_reach,0,autoadapter_bench/results/videos/model_axis/so101/cap/qwen32/cap_clear_then_reach_t0.mp4
model_axis,so101,qwen32,cap,cap_clear_then_reach,1,autoadapter_bench/results/videos/model_axis/so101/cap/qwen32/cap_clear_then_reach_t1.mp4
model_axis,so101,qwen32,cap,cap_clear_then_reach,2,autoadapter_bench/results/videos/model_axis/so101/cap/qwen32/cap_clear_then_reach_t2.mp4
model_axis,so101,qwen32,cap,cap_clear_then_reach,3,autoadapter_bench/results/videos/model_axis/so101/cap/qwen32/cap_clear_then_reach_t3.mp4
model_axis,so101,qwen32,cap,cap_clear_then_reach,4,autoadapter_bench/results/videos/model_axis/so101/cap/qwen32/cap_clear_then_reach_t4.mp4
model_axis,so101,qwen32,cap,cap_collision_avoid_bottle,0,autoadapter_bench/results/videos/model_axis/so101/cap/qwen32/cap_collision_avoid_bottle_t0.mp4
model_axis,so101,qwen32,cap,cap_collision_avoid_bottle,1,autoadapter_bench/results/videos/model_axis/so101/cap/qwen32/cap_collision_avoid_bottle_t1.mp4
model_axis,so101,qwen32,cap,cap_collision_avoid_bottle,2,autoadapter_bench/results/videos/model_axis/so101/cap/qwen32/cap_collision_avoid_bottle_t2.mp4
model_axis,so101,qwen32,cap,cap_collision_avoid_bottle,3,autoadapter_bench/results/videos/model_axis/so101/cap/qwen32/cap_collision_avoid_bottle_t3.mp4
model_axis,so101,qwen32,cap,cap_collision_avoid_bottle,4,autoadapter_bench/results/videos/model_axis/so101/cap/qwen32/cap_collision_avoid_bottle_t4.mp4
model_axis,so101,qwen32,cap,cap_conditional_pick,0,autoadapter_bench/results/videos/model_axis/so101/cap/qwen32/cap_conditional_pick_t0.mp4
model_axis,so101,qwen32,cap,cap_conditional_pick,1,autoadapter_bench/results/videos/model_axis/so101/cap/qwen32/cap_conditional_pick_t1.mp4
model_axis,so101,qwen32,cap,cap_conditional_pick,2,autoadapter_bench/results/videos/model_axis/so101/cap/qwen32/cap_conditional_pick_t2.mp4
model_axis,so101,qwen32,cap,cap_conditional_pick,3,autoadapter_bench/results/videos/model_axis/so101/cap/qwen32/cap_conditional_pick_t3.mp4
model_axis,so101,qwen32,cap,cap_conditional_pick,4,autoadapter_bench/results/videos/model_axis/so101/cap/qwen32/cap_conditional_pick_t4.mp4
model_axis,so101,qwen32,cap,cap_draw_letter_L,0,autoadapter_bench/results/videos/model_axis/so101/cap/qwen32/cap_draw_letter_L_t0.mp4
model_axis,so101,qwen32,cap,cap_draw_letter_L,1,autoadapter_bench/results/videos/model_axis/so101/cap/qwen32/cap_draw_letter_L_t1.mp4
model_axis,so101,qwen32,cap,cap_draw_letter_L,2,autoadapter_bench/results/videos/model_axis/so101/cap/qwen32/cap_draw_letter_L_t2.mp4
model_axis,so101,qwen32,cap,cap_draw_letter_L,3,autoadapter_bench/results/videos/model_axis/so101/cap/qwen32/cap_draw_letter_L_t3.mp4
model_axis,so101,qwen32,cap,cap_draw_letter_L,4,autoadapter_bench/results/videos/model_axis/so101/cap/qwen32/cap_draw_letter_L_t4.mp4
model_axis,so101,qwen32,cap,cap_numeric_midpoint,0,autoadapter_bench/results/videos/model_axis/so101/cap/qwen32/cap_numeric_midpoint_t0.mp4
model_axis,so101,qwen32,cap,cap_numeric_midpoint,1,autoadapter_bench/results/videos/model_axis/so101/cap/qwen32/cap_numeric_midpoint_t1.mp4
model_axis,so101,qwen32,cap,cap_numeric_midpoint,2,autoadapter_bench/results/videos/model_axis/so101/cap/qwen32/cap_numeric_midpoint_t2.mp4
model_axis,so101,qwen32,cap,cap_numeric_midpoint,3,autoadapter_bench/results/videos/model_axis/so101/cap/qwen32/cap_numeric_midpoint_t3.mp4
model_axis,so101,qwen32,cap,cap_numeric_midpoint,4,autoadapter_bench/results/videos/model_axis/so101/cap/qwen32/cap_numeric_midpoint_t4.mp4
model_axis,so101,qwen32,cap,cap_pair_swap_chain,0,autoadapter_bench/results/videos/model_axis/so101/cap/qwen32/cap_pair_swap_chain_t0.mp4
model_axis,so101,qwen32,cap,cap_pair_swap_chain,1,autoadapter_bench/results/videos/model_axis/so101/cap/qwen32/cap_pair_swap_chain_t1.mp4
model_axis,so101,qwen32,cap,cap_pair_swap_chain,2,autoadapter_bench/results/videos/model_axis/so101/cap/qwen32/cap_pair_swap_chain_t2.mp4
model_axis,so101,qwen32,cap,cap_pair_swap_chain,3,autoadapter_bench/results/videos/model_axis/so101/cap/qwen32/cap_pair_swap_chain_t3.mp4
model_axis,so101,qwen32,cap,cap_pair_swap_chain,4,autoadapter_bench/results/videos/model_axis/so101/cap/qwen32/cap_pair_swap_chain_t4.mp4
model_axis,so101,qwen32,cap,cap_place_duck_inside_mug,0,autoadapter_bench/results/videos/model_axis/so101/cap/qwen32/cap_place_duck_inside_mug_t0.mp4
model_axis,so101,qwen32,cap,cap_place_duck_inside_mug,1,autoadapter_bench/results/videos/model_axis/so101/cap/qwen32/cap_place_duck_inside_mug_t1.mp4
model_axis,so101,qwen32,cap,cap_place_duck_inside_mug,2,autoadapter_bench/results/videos/model_axis/so101/cap/qwen32/cap_place_duck_inside_mug_t2.mp4
model_axis,so101,qwen32,cap,cap_place_duck_inside_mug,3,autoadapter_bench/results/videos/model_axis/so101/cap/qwen32/cap_place_duck_inside_mug_t3.mp4
model_axis,so101,qwen32,cap,cap_place_duck_inside_mug,4,autoadapter_bench/results/videos/model_axis/so101/cap/qwen32/cap_place_duck_inside_mug_t4.mp4
model_axis,so101,qwen32,cap,cap_spatial_query_pick,0,autoadapter_bench/results/videos/model_axis/so101/cap/qwen32/cap_spatial_query_pick_t0.mp4
model_axis,so101,qwen32,cap,cap_spatial_query_pick,1,autoadapter_bench/results/videos/model_axis/so101/cap/qwen32/cap_spatial_query_pick_t1.mp4
model_axis,so101,qwen32,cap,cap_spatial_query_pick,2,autoadapter_bench/results/videos/model_axis/so101/cap/qwen32/cap_spatial_query_pick_t2.mp4
model_axis,so101,qwen32,cap,cap_spatial_query_pick,3,autoadapter_bench/results/videos/model_axis/so101/cap/qwen32/cap_spatial_query_pick_t3.mp4
model_axis,so101,qwen32,cap,cap_spatial_query_pick,4,autoadapter_bench/results/videos/model_axis/so101/cap/qwen32/cap_spatial_query_pick_t4.mp4
model_axis,so101,qwen32,cap,cap_stable_place_screwdriver,0,autoadapter_bench/results/videos/model_axis/so101/cap/qwen32/cap_stable_place_screwdriver_t0.mp4
model_axis,so101,qwen32,cap,cap_stable_place_screwdriver,1,autoadapter_bench/results/videos/model_axis/so101/cap/qwen32/cap_stable_place_screwdriver_t1.mp4
model_axis,so101,qwen32,cap,cap_stable_place_screwdriver,2,autoadapter_bench/results/videos/model_axis/so101/cap/qwen32/cap_stable_place_screwdriver_t2.mp4
model_axis,so101,qwen32,cap,cap_stable_place_screwdriver,3,autoadapter_bench/results/videos/model_axis/so101/cap/qwen32/cap_stable_place_screwdriver_t3.mp4
model_axis,so101,qwen32,cap,cap_stable_place_screwdriver,4,autoadapter_bench/results/videos/model_axis/so101/cap/qwen32/cap_stable_place_screwdriver_t4.mp4
model_axis,so101,qwen32,cap,cap_stack_lego_on_duck,0,autoadapter_bench/results/videos/model_axis/so101/cap/qwen32/cap_stack_lego_on_duck_t0.mp4
model_axis,so101,qwen32,cap,cap_stack_lego_on_duck,1,autoadapter_bench/results/videos/model_axis/so101/cap/qwen32/cap_stack_lego_on_duck_t1.mp4
model_axis,so101,qwen32,cap,cap_stack_lego_on_duck,2,autoadapter_bench/results/videos/model_axis/so101/cap/qwen32/cap_stack_lego_on_duck_t2.mp4
model_axis,so101,qwen32,cap,cap_stack_lego_on_duck,3,autoadapter_bench/results/videos/model_axis/so101/cap/qwen32/cap_stack_lego_on_duck_t3.mp4
model_axis,so101,qwen32,cap,cap_stack_lego_on_duck,4,autoadapter_bench/results/videos/model_axis/so101/cap/qwen32/cap_stack_lego_on_duck_t4.mp4
model_axis,so101,qwen32,cap,cap_swap_banana_bottle,0,autoadapter_bench/results/videos/model_axis/so101/cap/qwen32/cap_swap_banana_bottle_t0.mp4
model_axis,so101,qwen32,cap,cap_swap_banana_bottle,1,autoadapter_bench/results/videos/model_axis/so101/cap/qwen32/cap_swap_banana_bottle_t1.mp4
model_axis,so101,qwen32,cap,cap_swap_banana_bottle,2,autoadapter_bench/results/videos/model_axis/so101/cap/qwen32/cap_swap_banana_bottle_t2.mp4
model_axis,so101,qwen32,cap,cap_swap_banana_bottle,3,autoadapter_bench/results/videos/model_axis/so101/cap/qwen32/cap_swap_banana_bottle_t3.mp4
model_axis,so101,qwen32,cap,cap_swap_banana_bottle,4,autoadapter_bench/results/videos/model_axis/so101/cap/qwen32/cap_swap_banana_bottle_t4.mp4
model_axis,so101,qwen32,cap,cap_tower_3_objects,0,autoadapter_bench/results/videos/model_axis/so101/cap/qwen32/cap_tower_3_objects_t0.mp4
model_axis,so101,qwen32,cap,cap_tower_3_objects,1,autoadapter_bench/results/videos/model_axis/so101/cap/qwen32/cap_tower_3_objects_t1.mp4
model_axis,so101,qwen32,cap,cap_tower_3_objects,2,autoadapter_bench/results/videos/model_axis/so101/cap/qwen32/cap_tower_3_objects_t2.mp4
model_axis,so101,qwen32,cap,cap_tower_3_objects,3,autoadapter_bench/results/videos/model_axis/so101/cap/qwen32/cap_tower_3_objects_t3.mp4
model_axis,so101,qwen32,cap,cap_tower_3_objects,4,autoadapter_bench/results/videos/model_axis/so101/cap/qwen32/cap_tower_3_objects_t4.mp4
model_axis,so101,qwen32,cap,cap_visit_all_objects,0,autoadapter_bench/results/videos/model_axis/so101/cap/qwen32/cap_visit_all_objects_t0.mp4
model_axis,so101,qwen32,cap,cap_visit_all_objects,1,autoadapter_bench/results/videos/model_axis/so101/cap/qwen32/cap_visit_all_objects_t1.mp4
model_axis,so101,qwen32,cap,cap_visit_all_objects,2,autoadapter_bench/results/videos/model_axis/so101/cap/qwen32/cap_visit_all_objects_t2.mp4
model_axis,so101,qwen32,cap,cap_visit_all_objects,3,autoadapter_bench/results/videos/model_axis/so101/cap/qwen32/cap_visit_all_objects_t3.mp4
model_axis,so101,qwen32,cap,cap_visit_all_objects,4,autoadapter_bench/results/videos/model_axis/so101/cap/qwen32/cap_visit_all_objects_t4.mp4
model_axis,so101,sonnet46,cap,cap_clear_then_reach,0,autoadapter_bench/results/videos/model_axis/so101/cap/sonnet46/cap_clear_then_reach_t0.mp4
model_axis,so101,sonnet46,cap,cap_clear_then_reach,1,autoadapter_bench/results/videos/model_axis/so101/cap/sonnet46/cap_clear_then_reach_t1.mp4
model_axis,so101,sonnet46,cap,cap_clear_then_reach,2,autoadapter_bench/results/videos/model_axis/so101/cap/sonnet46/cap_clear_then_reach_t2.mp4
model_axis,so101,sonnet46,cap,cap_clear_then_reach,3,autoadapter_bench/results/videos/model_axis/so101/cap/sonnet46/cap_clear_then_reach_t3.mp4
model_axis,so101,sonnet46,cap,cap_clear_then_reach,4,autoadapter_bench/results/videos/model_axis/so101/cap/sonnet46/cap_clear_then_reach_t4.mp4
model_axis,so101,sonnet46,cap,cap_collision_avoid_bottle,0,autoadapter_bench/results/videos/model_axis/so101/cap/sonnet46/cap_collision_avoid_bottle_t0.mp4
model_axis,so101,sonnet46,cap,cap_collision_avoid_bottle,1,autoadapter_bench/results/videos/model_axis/so101/cap/sonnet46/cap_collision_avoid_bottle_t1.mp4
model_axis,so101,sonnet46,cap,cap_collision_avoid_bottle,2,autoadapter_bench/results/videos/model_axis/so101/cap/sonnet46/cap_collision_avoid_bottle_t2.mp4
model_axis,so101,sonnet46,cap,cap_collision_avoid_bottle,3,autoadapter_bench/results/videos/model_axis/so101/cap/sonnet46/cap_collision_avoid_bottle_t3.mp4
model_axis,so101,sonnet46,cap,cap_collision_avoid_bottle,4,autoadapter_bench/results/videos/model_axis/so101/cap/sonnet46/cap_collision_avoid_bottle_t4.mp4
model_axis,so101,sonnet46,cap,cap_conditional_pick,0,autoadapter_bench/results/videos/model_axis/so101/cap/sonnet46/cap_conditional_pick_t0.mp4
model_axis,so101,sonnet46,cap,cap_conditional_pick,1,autoadapter_bench/results/videos/model_axis/so101/cap/sonnet46/cap_conditional_pick_t1.mp4
model_axis,so101,sonnet46,cap,cap_conditional_pick,2,autoadapter_bench/results/videos/model_axis/so101/cap/sonnet46/cap_conditional_pick_t2.mp4
model_axis,so101,sonnet46,cap,cap_conditional_pick,3,autoadapter_bench/results/videos/model_axis/so101/cap/sonnet46/cap_conditional_pick_t3.mp4
model_axis,so101,sonnet46,cap,cap_conditional_pick,4,autoadapter_bench/results/videos/model_axis/so101/cap/sonnet46/cap_conditional_pick_t4.mp4
model_axis,so101,sonnet46,cap,cap_draw_letter_L,0,autoadapter_bench/results/videos/model_axis/so101/cap/sonnet46/cap_draw_letter_L_t0.mp4
model_axis,so101,sonnet46,cap,cap_draw_letter_L,1,autoadapter_bench/results/videos/model_axis/so101/cap/sonnet46/cap_draw_letter_L_t1.mp4
model_axis,so101,sonnet46,cap,cap_draw_letter_L,2,autoadapter_bench/results/videos/model_axis/so101/cap/sonnet46/cap_draw_letter_L_t2.mp4
model_axis,so101,sonnet46,cap,cap_draw_letter_L,3,autoadapter_bench/results/videos/model_axis/so101/cap/sonnet46/cap_draw_letter_L_t3.mp4
model_axis,so101,sonnet46,cap,cap_draw_letter_L,4,autoadapter_bench/results/videos/model_axis/so101/cap/sonnet46/cap_draw_letter_L_t4.mp4
model_axis,so101,sonnet46,cap,cap_numeric_midpoint,0,autoadapter_bench/results/videos/model_axis/so101/cap/sonnet46/cap_numeric_midpoint_t0.mp4
model_axis,so101,sonnet46,cap,cap_numeric_midpoint,1,autoadapter_bench/results/videos/model_axis/so101/cap/sonnet46/cap_numeric_midpoint_t1.mp4
model_axis,so101,sonnet46,cap,cap_numeric_midpoint,2,autoadapter_bench/results/videos/model_axis/so101/cap/sonnet46/cap_numeric_midpoint_t2.mp4
model_axis,so101,sonnet46,cap,cap_numeric_midpoint,3,autoadapter_bench/results/videos/model_axis/so101/cap/sonnet46/cap_numeric_midpoint_t3.mp4
model_axis,so101,sonnet46,cap,cap_numeric_midpoint,4,autoadapter_bench/results/videos/model_axis/so101/cap/sonnet46/cap_numeric_midpoint_t4.mp4
model_axis,so101,sonnet46,cap,cap_pair_swap_chain,0,autoadapter_bench/results/videos/model_axis/so101/cap/sonnet46/cap_pair_swap_chain_t0.mp4
model_axis,so101,sonnet46,cap,cap_pair_swap_chain,1,autoadapter_bench/results/videos/model_axis/so101/cap/sonnet46/cap_pair_swap_chain_t1.mp4
model_axis,so101,sonnet46,cap,cap_pair_swap_chain,2,autoadapter_bench/results/videos/model_axis/so101/cap/sonnet46/cap_pair_swap_chain_t2.mp4
model_axis,so101,sonnet46,cap,cap_pair_swap_chain,3,autoadapter_bench/results/videos/model_axis/so101/cap/sonnet46/cap_pair_swap_chain_t3.mp4
model_axis,so101,sonnet46,cap,cap_pair_swap_chain,4,autoadapter_bench/results/videos/model_axis/so101/cap/sonnet46/cap_pair_swap_chain_t4.mp4
model_axis,so101,sonnet46,cap,cap_place_duck_inside_mug,0,autoadapter_bench/results/videos/model_axis/so101/cap/sonnet46/cap_place_duck_inside_mug_t0.mp4
model_axis,so101,sonnet46,cap,cap_place_duck_inside_mug,1,autoadapter_bench/results/videos/model_axis/so101/cap/sonnet46/cap_place_duck_inside_mug_t1.mp4
model_axis,so101,sonnet46,cap,cap_place_duck_inside_mug,2,autoadapter_bench/results/videos/model_axis/so101/cap/sonnet46/cap_place_duck_inside_mug_t2.mp4
model_axis,so101,sonnet46,cap,cap_place_duck_inside_mug,3,autoadapter_bench/results/videos/model_axis/so101/cap/sonnet46/cap_place_duck_inside_mug_t3.mp4
model_axis,so101,sonnet46,cap,cap_place_duck_inside_mug,4,autoadapter_bench/results/videos/model_axis/so101/cap/sonnet46/cap_place_duck_inside_mug_t4.mp4
model_axis,so101,sonnet46,cap,cap_spatial_query_pick,0,autoadapter_bench/results/videos/model_axis/so101/cap/sonnet46/cap_spatial_query_pick_t0.mp4
model_axis,so101,sonnet46,cap,cap_spatial_query_pick,1,autoadapter_bench/results/videos/model_axis/so101/cap/sonnet46/cap_spatial_query_pick_t1.mp4
model_axis,so101,sonnet46,cap,cap_spatial_query_pick,2,autoadapter_bench/results/videos/model_axis/so101/cap/sonnet46/cap_spatial_query_pick_t2.mp4
model_axis,so101,sonnet46,cap,cap_spatial_query_pick,3,autoadapter_bench/results/videos/model_axis/so101/cap/sonnet46/cap_spatial_query_pick_t3.mp4
model_axis,so101,sonnet46,cap,cap_spatial_query_pick,4,autoadapter_bench/results/videos/model_axis/so101/cap/sonnet46/cap_spatial_query_pick_t4.mp4
model_axis,so101,sonnet46,cap,cap_stable_place_screwdriver,0,autoadapter_bench/results/videos/model_axis/so101/cap/sonnet46/cap_stable_place_screwdriver_t0.mp4
model_axis,so101,sonnet46,cap,cap_stable_place_screwdriver,1,autoadapter_bench/results/videos/model_axis/so101/cap/sonnet46/cap_stable_place_screwdriver_t1.mp4
model_axis,so101,sonnet46,cap,cap_stable_place_screwdriver,2,autoadapter_bench/results/videos/model_axis/so101/cap/sonnet46/cap_stable_place_screwdriver_t2.mp4
model_axis,so101,sonnet46,cap,cap_stable_place_screwdriver,3,autoadapter_bench/results/videos/model_axis/so101/cap/sonnet46/cap_stable_place_screwdriver_t3.mp4
model_axis,so101,sonnet46,cap,cap_stable_place_screwdriver,4,autoadapter_bench/results/videos/model_axis/so101/cap/sonnet46/cap_stable_place_screwdriver_t4.mp4
model_axis,so101,sonnet46,cap,cap_stack_lego_on_duck,0,autoadapter_bench/results/videos/model_axis/so101/cap/sonnet46/cap_stack_lego_on_duck_t0.mp4
model_axis,so101,sonnet46,cap,cap_stack_lego_on_duck,1,autoadapter_bench/results/videos/model_axis/so101/cap/sonnet46/cap_stack_lego_on_duck_t1.mp4
model_axis,so101,sonnet46,cap,cap_stack_lego_on_duck,2,autoadapter_bench/results/videos/model_axis/so101/cap/sonnet46/cap_stack_lego_on_duck_t2.mp4
model_axis,so101,sonnet46,cap,cap_stack_lego_on_duck,3,autoadapter_bench/results/videos/model_axis/so101/cap/sonnet46/cap_stack_lego_on_duck_t3.mp4
model_axis,so101,sonnet46,cap,cap_stack_lego_on_duck,4,autoadapter_bench/results/videos/model_axis/so101/cap/sonnet46/cap_stack_lego_on_duck_t4.mp4
model_axis,so101,sonnet46,cap,cap_swap_banana_bottle,0,autoadapter_bench/results/videos/model_axis/so101/cap/sonnet46/cap_swap_banana_bottle_t0.mp4
model_axis,so101,sonnet46,cap,cap_swap_banana_bottle,1,autoadapter_bench/results/videos/model_axis/so101/cap/sonnet46/cap_swap_banana_bottle_t1.mp4
model_axis,so101,sonnet46,cap,cap_swap_banana_bottle,2,autoadapter_bench/results/videos/model_axis/so101/cap/sonnet46/cap_swap_banana_bottle_t2.mp4
model_axis,so101,sonnet46,cap,cap_swap_banana_bottle,3,autoadapter_bench/results/videos/model_axis/so101/cap/sonnet46/cap_swap_banana_bottle_t3.mp4
model_axis,so101,sonnet46,cap,cap_swap_banana_bottle,4,autoadapter_bench/results/videos/model_axis/so101/cap/sonnet46/cap_swap_banana_bottle_t4.mp4
model_axis,so101,sonnet46,cap,cap_tower_3_objects,0,autoadapter_bench/results/videos/model_axis/so101/cap/sonnet46/cap_tower_3_objects_t0.mp4
model_axis,so101,sonnet46,cap,cap_tower_3_objects,1,autoadapter_bench/results/videos/model_axis/so101/cap/sonnet46/cap_tower_3_objects_t1.mp4
model_axis,so101,sonnet46,cap,cap_tower_3_objects,2,autoadapter_bench/results/videos/model_axis/so101/cap/sonnet46/cap_tower_3_objects_t2.mp4
model_axis,so101,sonnet46,cap,cap_tower_3_objects,3,autoadapter_bench/results/videos/model_axis/so101/cap/sonnet46/cap_tower_3_objects_t3.mp4
model_axis,so101,sonnet46,cap,cap_tower_3_objects,4,autoadapter_bench/results/videos/model_axis/so101/cap/sonnet46/cap_tower_3_objects_t4.mp4
model_axis,so101,sonnet46,cap,cap_visit_all_objects,0,autoadapter_bench/results/videos/model_axis/so101/cap/sonnet46/cap_visit_all_objects_t0.mp4
model_axis,so101,sonnet46,cap,cap_visit_all_objects,1,autoadapter_bench/results/videos/model_axis/so101/cap/sonnet46/cap_visit_all_objects_t1.mp4
model_axis,so101,sonnet46,cap,cap_visit_all_objects,2,autoadapter_bench/results/videos/model_axis/so101/cap/sonnet46/cap_visit_all_objects_t2.mp4
model_axis,so101,sonnet46,cap,cap_visit_all_objects,3,autoadapter_bench/results/videos/model_axis/so101/cap/sonnet46/cap_visit_all_objects_t3.mp4
model_axis,so101,sonnet46,cap,cap_visit_all_objects,4,autoadapter_bench/results/videos/model_axis/so101/cap/sonnet46/cap_visit_all_objects_t4.mp4
model_axis,so101,deepseek,ours,clear_then_reach,0,autoadapter_bench/results/videos/model_axis/so101/ours/deepseek/clear_then_reach_t0.mp4
model_axis,so101,deepseek,ours,clear_then_reach,1,autoadapter_bench/results/videos/model_axis/so101/ours/deepseek/clear_then_reach_t1.mp4
model_axis,so101,deepseek,ours,clear_then_reach,2,autoadapter_bench/results/videos/model_axis/so101/ours/deepseek/clear_then_reach_t2.mp4
model_axis,so101,deepseek,ours,clear_then_reach,3,autoadapter_bench/results/videos/model_axis/so101/ours/deepseek/clear_then_reach_t3.mp4
model_axis,so101,deepseek,ours,clear_then_reach,4,autoadapter_bench/results/videos/model_axis/so101/ours/deepseek/clear_then_reach_t4.mp4
model_axis,so101,deepseek,ours,collision_avoid_bottle,0,autoadapter_bench/results/videos/model_axis/so101/ours/deepseek/collision_avoid_bottle_t0.mp4
model_axis,so101,deepseek,ours,collision_avoid_bottle,1,autoadapter_bench/results/videos/model_axis/so101/ours/deepseek/collision_avoid_bottle_t1.mp4
model_axis,so101,deepseek,ours,collision_avoid_bottle,2,autoadapter_bench/results/videos/model_axis/so101/ours/deepseek/collision_avoid_bottle_t2.mp4
model_axis,so101,deepseek,ours,collision_avoid_bottle,3,autoadapter_bench/results/videos/model_axis/so101/ours/deepseek/collision_avoid_bottle_t3.mp4
model_axis,so101,deepseek,ours,collision_avoid_bottle,4,autoadapter_bench/results/videos/model_axis/so101/ours/deepseek/collision_avoid_bottle_t4.mp4
model_axis,so101,deepseek,ours,conditional_pick,0,autoadapter_bench/results/videos/model_axis/so101/ours/deepseek/conditional_pick_t0.mp4
model_axis,so101,deepseek,ours,conditional_pick,1,autoadapter_bench/results/videos/model_axis/so101/ours/deepseek/conditional_pick_t1.mp4
model_axis,so101,deepseek,ours,conditional_pick,2,autoadapter_bench/results/videos/model_axis/so101/ours/deepseek/conditional_pick_t2.mp4
model_axis,so101,deepseek,ours,conditional_pick,3,autoadapter_bench/results/videos/model_axis/so101/ours/deepseek/conditional_pick_t3.mp4
model_axis,so101,deepseek,ours,conditional_pick,4,autoadapter_bench/results/videos/model_axis/so101/ours/deepseek/conditional_pick_t4.mp4
model_axis,so101,deepseek,ours,draw_letter_L,0,autoadapter_bench/results/videos/model_axis/so101/ours/deepseek/draw_letter_L_t0.mp4
model_axis,so101,deepseek,ours,draw_letter_L,1,autoadapter_bench/results/videos/model_axis/so101/ours/deepseek/draw_letter_L_t1.mp4
model_axis,so101,deepseek,ours,draw_letter_L,2,autoadapter_bench/results/videos/model_axis/so101/ours/deepseek/draw_letter_L_t2.mp4
model_axis,so101,deepseek,ours,draw_letter_L,3,autoadapter_bench/results/videos/model_axis/so101/ours/deepseek/draw_letter_L_t3.mp4
model_axis,so101,deepseek,ours,draw_letter_L,4,autoadapter_bench/results/videos/model_axis/so101/ours/deepseek/draw_letter_L_t4.mp4
model_axis,so101,deepseek,ours,numeric_midpoint,0,autoadapter_bench/results/videos/model_axis/so101/ours/deepseek/numeric_midpoint_t0.mp4
model_axis,so101,deepseek,ours,numeric_midpoint,1,autoadapter_bench/results/videos/model_axis/so101/ours/deepseek/numeric_midpoint_t1.mp4
model_axis,so101,deepseek,ours,numeric_midpoint,2,autoadapter_bench/results/videos/model_axis/so101/ours/deepseek/numeric_midpoint_t2.mp4
model_axis,so101,deepseek,ours,numeric_midpoint,3,autoadapter_bench/results/videos/model_axis/so101/ours/deepseek/numeric_midpoint_t3.mp4
model_axis,so101,deepseek,ours,numeric_midpoint,4,autoadapter_bench/results/videos/model_axis/so101/ours/deepseek/numeric_midpoint_t4.mp4
model_axis,so101,deepseek,ours,pair_swap_chain,0,autoadapter_bench/results/videos/model_axis/so101/ours/deepseek/pair_swap_chain_t0.mp4
model_axis,so101,deepseek,ours,pair_swap_chain,1,autoadapter_bench/results/videos/model_axis/so101/ours/deepseek/pair_swap_chain_t1.mp4
model_axis,so101,deepseek,ours,pair_swap_chain,2,autoadapter_bench/results/videos/model_axis/so101/ours/deepseek/pair_swap_chain_t2.mp4
model_axis,so101,deepseek,ours,pair_swap_chain,3,autoadapter_bench/results/videos/model_axis/so101/ours/deepseek/pair_swap_chain_t3.mp4
model_axis,so101,deepseek,ours,pair_swap_chain,4,autoadapter_bench/results/videos/model_axis/so101/ours/deepseek/pair_swap_chain_t4.mp4
model_axis,so101,deepseek,ours,place_duck_inside_mug,0,autoadapter_bench/results/videos/model_axis/so101/ours/deepseek/place_duck_inside_mug_t0.mp4
model_axis,so101,deepseek,ours,place_duck_inside_mug,1,autoadapter_bench/results/videos/model_axis/so101/ours/deepseek/place_duck_inside_mug_t1.mp4
model_axis,so101,deepseek,ours,place_duck_inside_mug,2,autoadapter_bench/results/videos/model_axis/so101/ours/deepseek/place_duck_inside_mug_t2.mp4
model_axis,so101,deepseek,ours,place_duck_inside_mug,3,autoadapter_bench/results/videos/model_axis/so101/ours/deepseek/place_duck_inside_mug_t3.mp4
model_axis,so101,deepseek,ours,place_duck_inside_mug,4,autoadapter_bench/results/videos/model_axis/so101/ours/deepseek/place_duck_inside_mug_t4.mp4
model_axis,so101,deepseek,ours,spatial_query_pick,0,autoadapter_bench/results/videos/model_axis/so101/ours/deepseek/spatial_query_pick_t0.mp4
model_axis,so101,deepseek,ours,spatial_query_pick,1,autoadapter_bench/results/videos/model_axis/so101/ours/deepseek/spatial_query_pick_t1.mp4
model_axis,so101,deepseek,ours,spatial_query_pick,2,autoadapter_bench/results/videos/model_axis/so101/ours/deepseek/spatial_query_pick_t2.mp4
model_axis,so101,deepseek,ours,spatial_query_pick,3,autoadapter_bench/results/videos/model_axis/so101/ours/deepseek/spatial_query_pick_t3.mp4
model_axis,so101,deepseek,ours,spatial_query_pick,4,autoadapter_bench/results/videos/model_axis/so101/ours/deepseek/spatial_query_pick_t4.mp4
model_axis,so101,deepseek,ours,stable_place_screwdriver,0,autoadapter_bench/results/videos/model_axis/so101/ours/deepseek/stable_place_screwdriver_t0.mp4
model_axis,so101,deepseek,ours,stable_place_screwdriver,1,autoadapter_bench/results/videos/model_axis/so101/ours/deepseek/stable_place_screwdriver_t1.mp4
model_axis,so101,deepseek,ours,stable_place_screwdriver,2,autoadapter_bench/results/videos/model_axis/so101/ours/deepseek/stable_place_screwdriver_t2.mp4
model_axis,so101,deepseek,ours,stable_place_screwdriver,3,autoadapter_bench/results/videos/model_axis/so101/ours/deepseek/stable_place_screwdriver_t3.mp4
model_axis,so101,deepseek,ours,stable_place_screwdriver,4,autoadapter_bench/results/videos/model_axis/so101/ours/deepseek/stable_place_screwdriver_t4.mp4
model_axis,so101,deepseek,ours,stack_lego_on_duck,0,autoadapter_bench/results/videos/model_axis/so101/ours/deepseek/stack_lego_on_duck_t0.mp4
model_axis,so101,deepseek,ours,stack_lego_on_duck,1,autoadapter_bench/results/videos/model_axis/so101/ours/deepseek/stack_lego_on_duck_t1.mp4
model_axis,so101,deepseek,ours,stack_lego_on_duck,2,autoadapter_bench/results/videos/model_axis/so101/ours/deepseek/stack_lego_on_duck_t2.mp4
model_axis,so101,deepseek,ours,stack_lego_on_duck,3,autoadapter_bench/results/videos/model_axis/so101/ours/deepseek/stack_lego_on_duck_t3.mp4
model_axis,so101,deepseek,ours,stack_lego_on_duck,4,autoadapter_bench/results/videos/model_axis/so101/ours/deepseek/stack_lego_on_duck_t4.mp4
model_axis,so101,deepseek,ours,swap_banana_bottle,0,autoadapter_bench/results/videos/model_axis/so101/ours/deepseek/swap_banana_bottle_t0.mp4
model_axis,so101,deepseek,ours,swap_banana_bottle,1,autoadapter_bench/results/videos/model_axis/so101/ours/deepseek/swap_banana_bottle_t1.mp4
model_axis,so101,deepseek,ours,swap_banana_bottle,2,autoadapter_bench/results/videos/model_axis/so101/ours/deepseek/swap_banana_bottle_t2.mp4
model_axis,so101,deepseek,ours,swap_banana_bottle,3,autoadapter_bench/results/videos/model_axis/so101/ours/deepseek/swap_banana_bottle_t3.mp4
model_axis,so101,deepseek,ours,swap_banana_bottle,4,autoadapter_bench/results/videos/model_axis/so101/ours/deepseek/swap_banana_bottle_t4.mp4
model_axis,so101,deepseek,ours,tower_3_objects,0,autoadapter_bench/results/videos/model_axis/so101/ours/deepseek/tower_3_objects_t0.mp4
model_axis,so101,deepseek,ours,tower_3_objects,1,autoadapter_bench/results/videos/model_axis/so101/ours/deepseek/tower_3_objects_t1.mp4
model_axis,so101,deepseek,ours,tower_3_objects,2,autoadapter_bench/results/videos/model_axis/so101/ours/deepseek/tower_3_objects_t2.mp4
model_axis,so101,deepseek,ours,tower_3_objects,3,autoadapter_bench/results/videos/model_axis/so101/ours/deepseek/tower_3_objects_t3.mp4
model_axis,so101,deepseek,ours,tower_3_objects,4,autoadapter_bench/results/videos/model_axis/so101/ours/deepseek/tower_3_objects_t4.mp4
model_axis,so101,deepseek,ours,visit_all_objects,0,autoadapter_bench/results/videos/model_axis/so101/ours/deepseek/visit_all_objects_t0.mp4
model_axis,so101,deepseek,ours,visit_all_objects,1,autoadapter_bench/results/videos/model_axis/so101/ours/deepseek/visit_all_objects_t1.mp4
model_axis,so101,deepseek,ours,visit_all_objects,2,autoadapter_bench/results/videos/model_axis/so101/ours/deepseek/visit_all_objects_t2.mp4
model_axis,so101,deepseek,ours,visit_all_objects,3,autoadapter_bench/results/videos/model_axis/so101/ours/deepseek/visit_all_objects_t3.mp4
model_axis,so101,deepseek,ours,visit_all_objects,4,autoadapter_bench/results/videos/model_axis/so101/ours/deepseek/visit_all_objects_t4.mp4
model_axis,so101,haiku45,ours,clear_then_reach,0,autoadapter_bench/results/videos/model_axis/so101/ours/haiku45/clear_then_reach_t0.mp4
model_axis,so101,haiku45,ours,clear_then_reach,1,autoadapter_bench/results/videos/model_axis/so101/ours/haiku45/clear_then_reach_t1.mp4
model_axis,so101,haiku45,ours,clear_then_reach,2,autoadapter_bench/results/videos/model_axis/so101/ours/haiku45/clear_then_reach_t2.mp4
model_axis,so101,haiku45,ours,clear_then_reach,3,autoadapter_bench/results/videos/model_axis/so101/ours/haiku45/clear_then_reach_t3.mp4
model_axis,so101,haiku45,ours,clear_then_reach,4,autoadapter_bench/results/videos/model_axis/so101/ours/haiku45/clear_then_reach_t4.mp4
model_axis,so101,haiku45,ours,collision_avoid_bottle,0,autoadapter_bench/results/videos/model_axis/so101/ours/haiku45/collision_avoid_bottle_t0.mp4
model_axis,so101,haiku45,ours,collision_avoid_bottle,1,autoadapter_bench/results/videos/model_axis/so101/ours/haiku45/collision_avoid_bottle_t1.mp4
model_axis,so101,haiku45,ours,collision_avoid_bottle,2,autoadapter_bench/results/videos/model_axis/so101/ours/haiku45/collision_avoid_bottle_t2.mp4
model_axis,so101,haiku45,ours,collision_avoid_bottle,3,autoadapter_bench/results/videos/model_axis/so101/ours/haiku45/collision_avoid_bottle_t3.mp4
model_axis,so101,haiku45,ours,collision_avoid_bottle,4,autoadapter_bench/results/videos/model_axis/so101/ours/haiku45/collision_avoid_bottle_t4.mp4
model_axis,so101,haiku45,ours,conditional_pick,0,autoadapter_bench/results/videos/model_axis/so101/ours/haiku45/conditional_pick_t0.mp4
model_axis,so101,haiku45,ours,conditional_pick,1,autoadapter_bench/results/videos/model_axis/so101/ours/haiku45/conditional_pick_t1.mp4
model_axis,so101,haiku45,ours,conditional_pick,2,autoadapter_bench/results/videos/model_axis/so101/ours/haiku45/conditional_pick_t2.mp4
model_axis,so101,haiku45,ours,conditional_pick,3,autoadapter_bench/results/videos/model_axis/so101/ours/haiku45/conditional_pick_t3.mp4
model_axis,so101,haiku45,ours,conditional_pick,4,autoadapter_bench/results/videos/model_axis/so101/ours/haiku45/conditional_pick_t4.mp4
model_axis,so101,haiku45,ours,draw_letter_L,0,autoadapter_bench/results/videos/model_axis/so101/ours/haiku45/draw_letter_L_t0.mp4
model_axis,so101,haiku45,ours,draw_letter_L,1,autoadapter_bench/results/videos/model_axis/so101/ours/haiku45/draw_letter_L_t1.mp4
model_axis,so101,haiku45,ours,draw_letter_L,2,autoadapter_bench/results/videos/model_axis/so101/ours/haiku45/draw_letter_L_t2.mp4
model_axis,so101,haiku45,ours,draw_letter_L,3,autoadapter_bench/results/videos/model_axis/so101/ours/haiku45/draw_letter_L_t3.mp4
model_axis,so101,haiku45,ours,draw_letter_L,4,autoadapter_bench/results/videos/model_axis/so101/ours/haiku45/draw_letter_L_t4.mp4
model_axis,so101,haiku45,ours,numeric_midpoint,0,autoadapter_bench/results/videos/model_axis/so101/ours/haiku45/numeric_midpoint_t0.mp4
model_axis,so101,haiku45,ours,numeric_midpoint,1,autoadapter_bench/results/videos/model_axis/so101/ours/haiku45/numeric_midpoint_t1.mp4
model_axis,so101,haiku45,ours,numeric_midpoint,2,autoadapter_bench/results/videos/model_axis/so101/ours/haiku45/numeric_midpoint_t2.mp4
model_axis,so101,haiku45,ours,numeric_midpoint,3,autoadapter_bench/results/videos/model_axis/so101/ours/haiku45/numeric_midpoint_t3.mp4
model_axis,so101,haiku45,ours,numeric_midpoint,4,autoadapter_bench/results/videos/model_axis/so101/ours/haiku45/numeric_midpoint_t4.mp4
model_axis,so101,haiku45,ours,pair_swap_chain,0,autoadapter_bench/results/videos/model_axis/so101/ours/haiku45/pair_swap_chain_t0.mp4
model_axis,so101,haiku45,ours,pair_swap_chain,1,autoadapter_bench/results/videos/model_axis/so101/ours/haiku45/pair_swap_chain_t1.mp4
model_axis,so101,haiku45,ours,pair_swap_chain,2,autoadapter_bench/results/videos/model_axis/so101/ours/haiku45/pair_swap_chain_t2.mp4
model_axis,so101,haiku45,ours,pair_swap_chain,3,autoadapter_bench/results/videos/model_axis/so101/ours/haiku45/pair_swap_chain_t3.mp4
model_axis,so101,haiku45,ours,pair_swap_chain,4,autoadapter_bench/results/videos/model_axis/so101/ours/haiku45/pair_swap_chain_t4.mp4
model_axis,so101,haiku45,ours,place_duck_inside_mug,0,autoadapter_bench/results/videos/model_axis/so101/ours/haiku45/place_duck_inside_mug_t0.mp4
model_axis,so101,haiku45,ours,place_duck_inside_mug,1,autoadapter_bench/results/videos/model_axis/so101/ours/haiku45/place_duck_inside_mug_t1.mp4
model_axis,so101,haiku45,ours,place_duck_inside_mug,2,autoadapter_bench/results/videos/model_axis/so101/ours/haiku45/place_duck_inside_mug_t2.mp4
model_axis,so101,haiku45,ours,place_duck_inside_mug,3,autoadapter_bench/results/videos/model_axis/so101/ours/haiku45/place_duck_inside_mug_t3.mp4
model_axis,so101,haiku45,ours,place_duck_inside_mug,4,autoadapter_bench/results/videos/model_axis/so101/ours/haiku45/place_duck_inside_mug_t4.mp4
model_axis,so101,haiku45,ours,spatial_query_pick,0,autoadapter_bench/results/videos/model_axis/so101/ours/haiku45/spatial_query_pick_t0.mp4
model_axis,so101,haiku45,ours,spatial_query_pick,1,autoadapter_bench/results/videos/model_axis/so101/ours/haiku45/spatial_query_pick_t1.mp4
model_axis,so101,haiku45,ours,spatial_query_pick,2,autoadapter_bench/results/videos/model_axis/so101/ours/haiku45/spatial_query_pick_t2.mp4
model_axis,so101,haiku45,ours,spatial_query_pick,3,autoadapter_bench/results/videos/model_axis/so101/ours/haiku45/spatial_query_pick_t3.mp4
model_axis,so101,haiku45,ours,spatial_query_pick,4,autoadapter_bench/results/videos/model_axis/so101/ours/haiku45/spatial_query_pick_t4.mp4
model_axis,so101,haiku45,ours,stable_place_screwdriver,0,autoadapter_bench/results/videos/model_axis/so101/ours/haiku45/stable_place_screwdriver_t0.mp4
model_axis,so101,haiku45,ours,stable_place_screwdriver,1,autoadapter_bench/results/videos/model_axis/so101/ours/haiku45/stable_place_screwdriver_t1.mp4
model_axis,so101,haiku45,ours,stable_place_screwdriver,2,autoadapter_bench/results/videos/model_axis/so101/ours/haiku45/stable_place_screwdriver_t2.mp4
model_axis,so101,haiku45,ours,stable_place_screwdriver,3,autoadapter_bench/results/videos/model_axis/so101/ours/haiku45/stable_place_screwdriver_t3.mp4
model_axis,so101,haiku45,ours,stable_place_screwdriver,4,autoadapter_bench/results/videos/model_axis/so101/ours/haiku45/stable_place_screwdriver_t4.mp4
model_axis,so101,haiku45,ours,stack_lego_on_duck,0,autoadapter_bench/results/videos/model_axis/so101/ours/haiku45/stack_lego_on_duck_t0.mp4
model_axis,so101,haiku45,ours,stack_lego_on_duck,1,autoadapter_bench/results/videos/model_axis/so101/ours/haiku45/stack_lego_on_duck_t1.mp4
model_axis,so101,haiku45,ours,stack_lego_on_duck,2,autoadapter_bench/results/videos/model_axis/so101/ours/haiku45/stack_lego_on_duck_t2.mp4
model_axis,so101,haiku45,ours,stack_lego_on_duck,3,autoadapter_bench/results/videos/model_axis/so101/ours/haiku45/stack_lego_on_duck_t3.mp4
model_axis,so101,haiku45,ours,stack_lego_on_duck,4,autoadapter_bench/results/videos/model_axis/so101/ours/haiku45/stack_lego_on_duck_t4.mp4
model_axis,so101,haiku45,ours,swap_banana_bottle,0,autoadapter_bench/results/videos/model_axis/so101/ours/haiku45/swap_banana_bottle_t0.mp4
model_axis,so101,haiku45,ours,swap_banana_bottle,1,autoadapter_bench/results/videos/model_axis/so101/ours/haiku45/swap_banana_bottle_t1.mp4
model_axis,so101,haiku45,ours,swap_banana_bottle,2,autoadapter_bench/results/videos/model_axis/so101/ours/haiku45/swap_banana_bottle_t2.mp4
model_axis,so101,haiku45,ours,swap_banana_bottle,3,autoadapter_bench/results/videos/model_axis/so101/ours/haiku45/swap_banana_bottle_t3.mp4
model_axis,so101,haiku45,ours,swap_banana_bottle,4,autoadapter_bench/results/videos/model_axis/so101/ours/haiku45/swap_banana_bottle_t4.mp4
model_axis,so101,haiku45,ours,tower_3_objects,0,autoadapter_bench/results/videos/model_axis/so101/ours/haiku45/tower_3_objects_t0.mp4
model_axis,so101,haiku45,ours,tower_3_objects,1,autoadapter_bench/results/videos/model_axis/so101/ours/haiku45/tower_3_objects_t1.mp4
model_axis,so101,haiku45,ours,tower_3_objects,2,autoadapter_bench/results/videos/model_axis/so101/ours/haiku45/tower_3_objects_t2.mp4
model_axis,so101,haiku45,ours,tower_3_objects,3,autoadapter_bench/results/videos/model_axis/so101/ours/haiku45/tower_3_objects_t3.mp4
model_axis,so101,haiku45,ours,tower_3_objects,4,autoadapter_bench/results/videos/model_axis/so101/ours/haiku45/tower_3_objects_t4.mp4
model_axis,so101,haiku45,ours,visit_all_objects,0,autoadapter_bench/results/videos/model_axis/so101/ours/haiku45/visit_all_objects_t0.mp4
model_axis,so101,haiku45,ours,visit_all_objects,1,autoadapter_bench/results/videos/model_axis/so101/ours/haiku45/visit_all_objects_t1.mp4
model_axis,so101,haiku45,ours,visit_all_objects,2,autoadapter_bench/results/videos/model_axis/so101/ours/haiku45/visit_all_objects_t2.mp4
model_axis,so101,haiku45,ours,visit_all_objects,3,autoadapter_bench/results/videos/model_axis/so101/ours/haiku45/visit_all_objects_t3.mp4
model_axis,so101,haiku45,ours,visit_all_objects,4,autoadapter_bench/results/videos/model_axis/so101/ours/haiku45/visit_all_objects_t4.mp4
model_axis,so101,ministral8b,ours,clear_then_reach,0,autoadapter_bench/results/videos/model_axis/so101/ours/ministral8b/clear_then_reach_t0.mp4
model_axis,so101,ministral8b,ours,clear_then_reach,1,autoadapter_bench/results/videos/model_axis/so101/ours/ministral8b/clear_then_reach_t1.mp4
model_axis,so101,ministral8b,ours,clear_then_reach,2,autoadapter_bench/results/videos/model_axis/so101/ours/ministral8b/clear_then_reach_t2.mp4
model_axis,so101,ministral8b,ours,clear_then_reach,3,autoadapter_bench/results/videos/model_axis/so101/ours/ministral8b/clear_then_reach_t3.mp4
model_axis,so101,ministral8b,ours,clear_then_reach,4,autoadapter_bench/results/videos/model_axis/so101/ours/ministral8b/clear_then_reach_t4.mp4
model_axis,so101,ministral8b,ours,collision_avoid_bottle,0,autoadapter_bench/results/videos/model_axis/so101/ours/ministral8b/collision_avoid_bottle_t0.mp4
model_axis,so101,ministral8b,ours,collision_avoid_bottle,1,autoadapter_bench/results/videos/model_axis/so101/ours/ministral8b/collision_avoid_bottle_t1.mp4
model_axis,so101,ministral8b,ours,collision_avoid_bottle,2,autoadapter_bench/results/videos/model_axis/so101/ours/ministral8b/collision_avoid_bottle_t2.mp4
model_axis,so101,ministral8b,ours,collision_avoid_bottle,3,autoadapter_bench/results/videos/model_axis/so101/ours/ministral8b/collision_avoid_bottle_t3.mp4
model_axis,so101,ministral8b,ours,collision_avoid_bottle,4,autoadapter_bench/results/videos/model_axis/so101/ours/ministral8b/collision_avoid_bottle_t4.mp4
model_axis,so101,ministral8b,ours,conditional_pick,0,autoadapter_bench/results/videos/model_axis/so101/ours/ministral8b/conditional_pick_t0.mp4
model_axis,so101,ministral8b,ours,conditional_pick,1,autoadapter_bench/results/videos/model_axis/so101/ours/ministral8b/conditional_pick_t1.mp4
model_axis,so101,ministral8b,ours,conditional_pick,2,autoadapter_bench/results/videos/model_axis/so101/ours/ministral8b/conditional_pick_t2.mp4
model_axis,so101,ministral8b,ours,conditional_pick,3,autoadapter_bench/results/videos/model_axis/so101/ours/ministral8b/conditional_pick_t3.mp4
model_axis,so101,ministral8b,ours,conditional_pick,4,autoadapter_bench/results/videos/model_axis/so101/ours/ministral8b/conditional_pick_t4.mp4
model_axis,so101,ministral8b,ours,draw_letter_L,0,autoadapter_bench/results/videos/model_axis/so101/ours/ministral8b/draw_letter_L_t0.mp4
model_axis,so101,ministral8b,ours,draw_letter_L,1,autoadapter_bench/results/videos/model_axis/so101/ours/ministral8b/draw_letter_L_t1.mp4
model_axis,so101,ministral8b,ours,draw_letter_L,2,autoadapter_bench/results/videos/model_axis/so101/ours/ministral8b/draw_letter_L_t2.mp4
model_axis,so101,ministral8b,ours,draw_letter_L,3,autoadapter_bench/results/videos/model_axis/so101/ours/ministral8b/draw_letter_L_t3.mp4
model_axis,so101,ministral8b,ours,draw_letter_L,4,autoadapter_bench/results/videos/model_axis/so101/ours/ministral8b/draw_letter_L_t4.mp4
model_axis,so101,ministral8b,ours,numeric_midpoint,0,autoadapter_bench/results/videos/model_axis/so101/ours/ministral8b/numeric_midpoint_t0.mp4
model_axis,so101,ministral8b,ours,numeric_midpoint,1,autoadapter_bench/results/videos/model_axis/so101/ours/ministral8b/numeric_midpoint_t1.mp4
model_axis,so101,ministral8b,ours,numeric_midpoint,2,autoadapter_bench/results/videos/model_axis/so101/ours/ministral8b/numeric_midpoint_t2.mp4
model_axis,so101,ministral8b,ours,numeric_midpoint,3,autoadapter_bench/results/videos/model_axis/so101/ours/ministral8b/numeric_midpoint_t3.mp4
model_axis,so101,ministral8b,ours,numeric_midpoint,4,autoadapter_bench/results/videos/model_axis/so101/ours/ministral8b/numeric_midpoint_t4.mp4
model_axis,so101,ministral8b,ours,pair_swap_chain,0,autoadapter_bench/results/videos/model_axis/so101/ours/ministral8b/pair_swap_chain_t0.mp4
model_axis,so101,ministral8b,ours,pair_swap_chain,1,autoadapter_bench/results/videos/model_axis/so101/ours/ministral8b/pair_swap_chain_t1.mp4
model_axis,so101,ministral8b,ours,pair_swap_chain,2,autoadapter_bench/results/videos/model_axis/so101/ours/ministral8b/pair_swap_chain_t2.mp4
model_axis,so101,ministral8b,ours,pair_swap_chain,3,autoadapter_bench/results/videos/model_axis/so101/ours/ministral8b/pair_swap_chain_t3.mp4
model_axis,so101,ministral8b,ours,pair_swap_chain,4,autoadapter_bench/results/videos/model_axis/so101/ours/ministral8b/pair_swap_chain_t4.mp4
model_axis,so101,ministral8b,ours,place_duck_inside_mug,0,autoadapter_bench/results/videos/model_axis/so101/ours/ministral8b/place_duck_inside_mug_t0.mp4
model_axis,so101,ministral8b,ours,place_duck_inside_mug,1,autoadapter_bench/results/videos/model_axis/so101/ours/ministral8b/place_duck_inside_mug_t1.mp4
model_axis,so101,ministral8b,ours,place_duck_inside_mug,2,autoadapter_bench/results/videos/model_axis/so101/ours/ministral8b/place_duck_inside_mug_t2.mp4
model_axis,so101,ministral8b,ours,place_duck_inside_mug,3,autoadapter_bench/results/videos/model_axis/so101/ours/ministral8b/place_duck_inside_mug_t3.mp4
model_axis,so101,ministral8b,ours,place_duck_inside_mug,4,autoadapter_bench/results/videos/model_axis/so101/ours/ministral8b/place_duck_inside_mug_t4.mp4
model_axis,so101,ministral8b,ours,spatial_query_pick,0,autoadapter_bench/results/videos/model_axis/so101/ours/ministral8b/spatial_query_pick_t0.mp4
model_axis,so101,ministral8b,ours,spatial_query_pick,1,autoadapter_bench/results/videos/model_axis/so101/ours/ministral8b/spatial_query_pick_t1.mp4
model_axis,so101,ministral8b,ours,spatial_query_pick,2,autoadapter_bench/results/videos/model_axis/so101/ours/ministral8b/spatial_query_pick_t2.mp4
model_axis,so101,ministral8b,ours,spatial_query_pick,3,autoadapter_bench/results/videos/model_axis/so101/ours/ministral8b/spatial_query_pick_t3.mp4
model_axis,so101,ministral8b,ours,spatial_query_pick,4,autoadapter_bench/results/videos/model_axis/so101/ours/ministral8b/spatial_query_pick_t4.mp4
model_axis,so101,ministral8b,ours,stable_place_screwdriver,0,autoadapter_bench/results/videos/model_axis/so101/ours/ministral8b/stable_place_screwdriver_t0.mp4
model_axis,so101,ministral8b,ours,stable_place_screwdriver,1,autoadapter_bench/results/videos/model_axis/so101/ours/ministral8b/stable_place_screwdriver_t1.mp4
model_axis,so101,ministral8b,ours,stable_place_screwdriver,2,autoadapter_bench/results/videos/model_axis/so101/ours/ministral8b/stable_place_screwdriver_t2.mp4
model_axis,so101,ministral8b,ours,stable_place_screwdriver,3,autoadapter_bench/results/videos/model_axis/so101/ours/ministral8b/stable_place_screwdriver_t3.mp4
model_axis,so101,ministral8b,ours,stable_place_screwdriver,4,autoadapter_bench/results/videos/model_axis/so101/ours/ministral8b/stable_place_screwdriver_t4.mp4
model_axis,so101,ministral8b,ours,stack_lego_on_duck,0,autoadapter_bench/results/videos/model_axis/so101/ours/ministral8b/stack_lego_on_duck_t0.mp4
model_axis,so101,ministral8b,ours,stack_lego_on_duck,1,autoadapter_bench/results/videos/model_axis/so101/ours/ministral8b/stack_lego_on_duck_t1.mp4
model_axis,so101,ministral8b,ours,stack_lego_on_duck,2,autoadapter_bench/results/videos/model_axis/so101/ours/ministral8b/stack_lego_on_duck_t2.mp4
model_axis,so101,ministral8b,ours,stack_lego_on_duck,3,autoadapter_bench/results/videos/model_axis/so101/ours/ministral8b/stack_lego_on_duck_t3.mp4
model_axis,so101,ministral8b,ours,stack_lego_on_duck,4,autoadapter_bench/results/videos/model_axis/so101/ours/ministral8b/stack_lego_on_duck_t4.mp4
model_axis,so101,ministral8b,ours,swap_banana_bottle,0,autoadapter_bench/results/videos/model_axis/so101/ours/ministral8b/swap_banana_bottle_t0.mp4
model_axis,so101,ministral8b,ours,swap_banana_bottle,1,autoadapter_bench/results/videos/model_axis/so101/ours/ministral8b/swap_banana_bottle_t1.mp4
model_axis,so101,ministral8b,ours,swap_banana_bottle,2,autoadapter_bench/results/videos/model_axis/so101/ours/ministral8b/swap_banana_bottle_t2.mp4
model_axis,so101,ministral8b,ours,swap_banana_bottle,3,autoadapter_bench/results/videos/model_axis/so101/ours/ministral8b/swap_banana_bottle_t3.mp4
model_axis,so101,ministral8b,ours,swap_banana_bottle,4,autoadapter_bench/results/videos/model_axis/so101/ours/ministral8b/swap_banana_bottle_t4.mp4
model_axis,so101,ministral8b,ours,tower_3_objects,0,autoadapter_bench/results/videos/model_axis/so101/ours/ministral8b/tower_3_objects_t0.mp4
model_axis,so101,ministral8b,ours,tower_3_objects,1,autoadapter_bench/results/videos/model_axis/so101/ours/ministral8b/tower_3_objects_t1.mp4
model_axis,so101,ministral8b,ours,tower_3_objects,2,autoadapter_bench/results/videos/model_axis/so101/ours/ministral8b/tower_3_objects_t2.mp4
model_axis,so101,ministral8b,ours,tower_3_objects,3,autoadapter_bench/results/videos/model_axis/so101/ours/ministral8b/tower_3_objects_t3.mp4
model_axis,so101,ministral8b,ours,tower_3_objects,4,autoadapter_bench/results/videos/model_axis/so101/ours/ministral8b/tower_3_objects_t4.mp4
model_axis,so101,ministral8b,ours,visit_all_objects,0,autoadapter_bench/results/videos/model_axis/so101/ours/ministral8b/visit_all_objects_t0.mp4
model_axis,so101,ministral8b,ours,visit_all_objects,1,autoadapter_bench/results/videos/model_axis/so101/ours/ministral8b/visit_all_objects_t1.mp4
model_axis,so101,ministral8b,ours,visit_all_objects,2,autoadapter_bench/results/videos/model_axis/so101/ours/ministral8b/visit_all_objects_t2.mp4
model_axis,so101,ministral8b,ours,visit_all_objects,3,autoadapter_bench/results/videos/model_axis/so101/ours/ministral8b/visit_all_objects_t3.mp4
model_axis,so101,ministral8b,ours,visit_all_objects,4,autoadapter_bench/results/videos/model_axis/so101/ours/ministral8b/visit_all_objects_t4.mp4
model_axis,so101,novapro,ours,clear_then_reach,0,autoadapter_bench/results/videos/model_axis/so101/ours/novapro/clear_then_reach_t0.mp4
model_axis,so101,novapro,ours,clear_then_reach,1,autoadapter_bench/results/videos/model_axis/so101/ours/novapro/clear_then_reach_t1.mp4
model_axis,so101,novapro,ours,clear_then_reach,2,autoadapter_bench/results/videos/model_axis/so101/ours/novapro/clear_then_reach_t2.mp4
model_axis,so101,novapro,ours,clear_then_reach,3,autoadapter_bench/results/videos/model_axis/so101/ours/novapro/clear_then_reach_t3.mp4
model_axis,so101,novapro,ours,clear_then_reach,4,autoadapter_bench/results/videos/model_axis/so101/ours/novapro/clear_then_reach_t4.mp4
model_axis,so101,novapro,ours,collision_avoid_bottle,0,autoadapter_bench/results/videos/model_axis/so101/ours/novapro/collision_avoid_bottle_t0.mp4
model_axis,so101,novapro,ours,collision_avoid_bottle,1,autoadapter_bench/results/videos/model_axis/so101/ours/novapro/collision_avoid_bottle_t1.mp4
model_axis,so101,novapro,ours,collision_avoid_bottle,2,autoadapter_bench/results/videos/model_axis/so101/ours/novapro/collision_avoid_bottle_t2.mp4
model_axis,so101,novapro,ours,collision_avoid_bottle,3,autoadapter_bench/results/videos/model_axis/so101/ours/novapro/collision_avoid_bottle_t3.mp4
model_axis,so101,novapro,ours,collision_avoid_bottle,4,autoadapter_bench/results/videos/model_axis/so101/ours/novapro/collision_avoid_bottle_t4.mp4
model_axis,so101,novapro,ours,conditional_pick,0,autoadapter_bench/results/videos/model_axis/so101/ours/novapro/conditional_pick_t0.mp4
model_axis,so101,novapro,ours,conditional_pick,1,autoadapter_bench/results/videos/model_axis/so101/ours/novapro/conditional_pick_t1.mp4
model_axis,so101,novapro,ours,conditional_pick,2,autoadapter_bench/results/videos/model_axis/so101/ours/novapro/conditional_pick_t2.mp4
model_axis,so101,novapro,ours,conditional_pick,3,autoadapter_bench/results/videos/model_axis/so101/ours/novapro/conditional_pick_t3.mp4
model_axis,so101,novapro,ours,conditional_pick,4,autoadapter_bench/results/videos/model_axis/so101/ours/novapro/conditional_pick_t4.mp4
model_axis,so101,novapro,ours,draw_letter_L,0,autoadapter_bench/results/videos/model_axis/so101/ours/novapro/draw_letter_L_t0.mp4
model_axis,so101,novapro,ours,draw_letter_L,1,autoadapter_bench/results/videos/model_axis/so101/ours/novapro/draw_letter_L_t1.mp4
model_axis,so101,novapro,ours,draw_letter_L,2,autoadapter_bench/results/videos/model_axis/so101/ours/novapro/draw_letter_L_t2.mp4
model_axis,so101,novapro,ours,draw_letter_L,3,autoadapter_bench/results/videos/model_axis/so101/ours/novapro/draw_letter_L_t3.mp4
model_axis,so101,novapro,ours,draw_letter_L,4,autoadapter_bench/results/videos/model_axis/so101/ours/novapro/draw_letter_L_t4.mp4
model_axis,so101,novapro,ours,numeric_midpoint,0,autoadapter_bench/results/videos/model_axis/so101/ours/novapro/numeric_midpoint_t0.mp4
model_axis,so101,novapro,ours,numeric_midpoint,1,autoadapter_bench/results/videos/model_axis/so101/ours/novapro/numeric_midpoint_t1.mp4
model_axis,so101,novapro,ours,numeric_midpoint,2,autoadapter_bench/results/videos/model_axis/so101/ours/novapro/numeric_midpoint_t2.mp4
model_axis,so101,novapro,ours,numeric_midpoint,3,autoadapter_bench/results/videos/model_axis/so101/ours/novapro/numeric_midpoint_t3.mp4
model_axis,so101,novapro,ours,numeric_midpoint,4,autoadapter_bench/results/videos/model_axis/so101/ours/novapro/numeric_midpoint_t4.mp4
model_axis,so101,novapro,ours,pair_swap_chain,0,autoadapter_bench/results/videos/model_axis/so101/ours/novapro/pair_swap_chain_t0.mp4
model_axis,so101,novapro,ours,pair_swap_chain,1,autoadapter_bench/results/videos/model_axis/so101/ours/novapro/pair_swap_chain_t1.mp4
model_axis,so101,novapro,ours,pair_swap_chain,2,autoadapter_bench/results/videos/model_axis/so101/ours/novapro/pair_swap_chain_t2.mp4
model_axis,so101,novapro,ours,pair_swap_chain,3,autoadapter_bench/results/videos/model_axis/so101/ours/novapro/pair_swap_chain_t3.mp4
model_axis,so101,novapro,ours,pair_swap_chain,4,autoadapter_bench/results/videos/model_axis/so101/ours/novapro/pair_swap_chain_t4.mp4
model_axis,so101,novapro,ours,place_duck_inside_mug,0,autoadapter_bench/results/videos/model_axis/so101/ours/novapro/place_duck_inside_mug_t0.mp4
model_axis,so101,novapro,ours,place_duck_inside_mug,1,autoadapter_bench/results/videos/model_axis/so101/ours/novapro/place_duck_inside_mug_t1.mp4
model_axis,so101,novapro,ours,place_duck_inside_mug,2,autoadapter_bench/results/videos/model_axis/so101/ours/novapro/place_duck_inside_mug_t2.mp4
model_axis,so101,novapro,ours,place_duck_inside_mug,3,autoadapter_bench/results/videos/model_axis/so101/ours/novapro/place_duck_inside_mug_t3.mp4
model_axis,so101,novapro,ours,place_duck_inside_mug,4,autoadapter_bench/results/videos/model_axis/so101/ours/novapro/place_duck_inside_mug_t4.mp4
model_axis,so101,novapro,ours,spatial_query_pick,0,autoadapter_bench/results/videos/model_axis/so101/ours/novapro/spatial_query_pick_t0.mp4
model_axis,so101,novapro,ours,spatial_query_pick,1,autoadapter_bench/results/videos/model_axis/so101/ours/novapro/spatial_query_pick_t1.mp4
model_axis,so101,novapro,ours,spatial_query_pick,2,autoadapter_bench/results/videos/model_axis/so101/ours/novapro/spatial_query_pick_t2.mp4
model_axis,so101,novapro,ours,spatial_query_pick,3,autoadapter_bench/results/videos/model_axis/so101/ours/novapro/spatial_query_pick_t3.mp4
model_axis,so101,novapro,ours,spatial_query_pick,4,autoadapter_bench/results/videos/model_axis/so101/ours/novapro/spatial_query_pick_t4.mp4
model_axis,so101,novapro,ours,stable_place_screwdriver,0,autoadapter_bench/results/videos/model_axis/so101/ours/novapro/stable_place_screwdriver_t0.mp4
model_axis,so101,novapro,ours,stable_place_screwdriver,1,autoadapter_bench/results/videos/model_axis/so101/ours/novapro/stable_place_screwdriver_t1.mp4
model_axis,so101,novapro,ours,stable_place_screwdriver,2,autoadapter_bench/results/videos/model_axis/so101/ours/novapro/stable_place_screwdriver_t2.mp4
model_axis,so101,novapro,ours,stable_place_screwdriver,3,autoadapter_bench/results/videos/model_axis/so101/ours/novapro/stable_place_screwdriver_t3.mp4
model_axis,so101,novapro,ours,stable_place_screwdriver,4,autoadapter_bench/results/videos/model_axis/so101/ours/novapro/stable_place_screwdriver_t4.mp4
model_axis,so101,novapro,ours,stack_lego_on_duck,0,autoadapter_bench/results/videos/model_axis/so101/ours/novapro/stack_lego_on_duck_t0.mp4
model_axis,so101,novapro,ours,stack_lego_on_duck,1,autoadapter_bench/results/videos/model_axis/so101/ours/novapro/stack_lego_on_duck_t1.mp4
model_axis,so101,novapro,ours,stack_lego_on_duck,2,autoadapter_bench/results/videos/model_axis/so101/ours/novapro/stack_lego_on_duck_t2.mp4
model_axis,so101,novapro,ours,stack_lego_on_duck,3,autoadapter_bench/results/videos/model_axis/so101/ours/novapro/stack_lego_on_duck_t3.mp4
model_axis,so101,novapro,ours,stack_lego_on_duck,4,autoadapter_bench/results/videos/model_axis/so101/ours/novapro/stack_lego_on_duck_t4.mp4
model_axis,so101,novapro,ours,swap_banana_bottle,0,autoadapter_bench/results/videos/model_axis/so101/ours/novapro/swap_banana_bottle_t0.mp4
model_axis,so101,novapro,ours,swap_banana_bottle,1,autoadapter_bench/results/videos/model_axis/so101/ours/novapro/swap_banana_bottle_t1.mp4
model_axis,so101,novapro,ours,swap_banana_bottle,2,autoadapter_bench/results/videos/model_axis/so101/ours/novapro/swap_banana_bottle_t2.mp4
model_axis,so101,novapro,ours,swap_banana_bottle,3,autoadapter_bench/results/videos/model_axis/so101/ours/novapro/swap_banana_bottle_t3.mp4
model_axis,so101,novapro,ours,swap_banana_bottle,4,autoadapter_bench/results/videos/model_axis/so101/ours/novapro/swap_banana_bottle_t4.mp4
model_axis,so101,novapro,ours,tower_3_objects,0,autoadapter_bench/results/videos/model_axis/so101/ours/novapro/tower_3_objects_t0.mp4
model_axis,so101,novapro,ours,tower_3_objects,1,autoadapter_bench/results/videos/model_axis/so101/ours/novapro/tower_3_objects_t1.mp4
model_axis,so101,novapro,ours,tower_3_objects,2,autoadapter_bench/results/videos/model_axis/so101/ours/novapro/tower_3_objects_t2.mp4
model_axis,so101,novapro,ours,tower_3_objects,3,autoadapter_bench/results/videos/model_axis/so101/ours/novapro/tower_3_objects_t3.mp4
model_axis,so101,novapro,ours,tower_3_objects,4,autoadapter_bench/results/videos/model_axis/so101/ours/novapro/tower_3_objects_t4.mp4
model_axis,so101,novapro,ours,visit_all_objects,0,autoadapter_bench/results/videos/model_axis/so101/ours/novapro/visit_all_objects_t0.mp4
model_axis,so101,novapro,ours,visit_all_objects,1,autoadapter_bench/results/videos/model_axis/so101/ours/novapro/visit_all_objects_t1.mp4
model_axis,so101,novapro,ours,visit_all_objects,2,autoadapter_bench/results/videos/model_axis/so101/ours/novapro/visit_all_objects_t2.mp4
model_axis,so101,novapro,ours,visit_all_objects,3,autoadapter_bench/results/videos/model_axis/so101/ours/novapro/visit_all_objects_t3.mp4
model_axis,so101,novapro,ours,visit_all_objects,4,autoadapter_bench/results/videos/model_axis/so101/ours/novapro/visit_all_objects_t4.mp4
model_axis,so101,opus48,ours,clear_then_reach,0,autoadapter_bench/results/videos/model_axis/so101/ours/opus48/clear_then_reach_t0.mp4
model_axis,so101,opus48,ours,clear_then_reach,1,autoadapter_bench/results/videos/model_axis/so101/ours/opus48/clear_then_reach_t1.mp4
model_axis,so101,opus48,ours,clear_then_reach,2,autoadapter_bench/results/videos/model_axis/so101/ours/opus48/clear_then_reach_t2.mp4
model_axis,so101,opus48,ours,clear_then_reach,3,autoadapter_bench/results/videos/model_axis/so101/ours/opus48/clear_then_reach_t3.mp4
model_axis,so101,opus48,ours,clear_then_reach,4,autoadapter_bench/results/videos/model_axis/so101/ours/opus48/clear_then_reach_t4.mp4
model_axis,so101,opus48,ours,collision_avoid_bottle,0,autoadapter_bench/results/videos/model_axis/so101/ours/opus48/collision_avoid_bottle_t0.mp4
model_axis,so101,opus48,ours,collision_avoid_bottle,1,autoadapter_bench/results/videos/model_axis/so101/ours/opus48/collision_avoid_bottle_t1.mp4
model_axis,so101,opus48,ours,collision_avoid_bottle,2,autoadapter_bench/results/videos/model_axis/so101/ours/opus48/collision_avoid_bottle_t2.mp4
model_axis,so101,opus48,ours,collision_avoid_bottle,3,autoadapter_bench/results/videos/model_axis/so101/ours/opus48/collision_avoid_bottle_t3.mp4
model_axis,so101,opus48,ours,collision_avoid_bottle,4,autoadapter_bench/results/videos/model_axis/so101/ours/opus48/collision_avoid_bottle_t4.mp4
model_axis,so101,opus48,ours,conditional_pick,0,autoadapter_bench/results/videos/model_axis/so101/ours/opus48/conditional_pick_t0.mp4
model_axis,so101,opus48,ours,conditional_pick,1,autoadapter_bench/results/videos/model_axis/so101/ours/opus48/conditional_pick_t1.mp4
model_axis,so101,opus48,ours,conditional_pick,2,autoadapter_bench/results/videos/model_axis/so101/ours/opus48/conditional_pick_t2.mp4
model_axis,so101,opus48,ours,conditional_pick,3,autoadapter_bench/results/videos/model_axis/so101/ours/opus48/conditional_pick_t3.mp4
model_axis,so101,opus48,ours,conditional_pick,4,autoadapter_bench/results/videos/model_axis/so101/ours/opus48/conditional_pick_t4.mp4
model_axis,so101,opus48,ours,draw_letter_L,0,autoadapter_bench/results/videos/model_axis/so101/ours/opus48/draw_letter_L_t0.mp4
model_axis,so101,opus48,ours,draw_letter_L,1,autoadapter_bench/results/videos/model_axis/so101/ours/opus48/draw_letter_L_t1.mp4
model_axis,so101,opus48,ours,draw_letter_L,2,autoadapter_bench/results/videos/model_axis/so101/ours/opus48/draw_letter_L_t2.mp4
model_axis,so101,opus48,ours,draw_letter_L,3,autoadapter_bench/results/videos/model_axis/so101/ours/opus48/draw_letter_L_t3.mp4
model_axis,so101,opus48,ours,draw_letter_L,4,autoadapter_bench/results/videos/model_axis/so101/ours/opus48/draw_letter_L_t4.mp4
model_axis,so101,opus48,ours,numeric_midpoint,0,autoadapter_bench/results/videos/model_axis/so101/ours/opus48/numeric_midpoint_t0.mp4
model_axis,so101,opus48,ours,numeric_midpoint,1,autoadapter_bench/results/videos/model_axis/so101/ours/opus48/numeric_midpoint_t1.mp4
model_axis,so101,opus48,ours,numeric_midpoint,2,autoadapter_bench/results/videos/model_axis/so101/ours/opus48/numeric_midpoint_t2.mp4
model_axis,so101,opus48,ours,numeric_midpoint,3,autoadapter_bench/results/videos/model_axis/so101/ours/opus48/numeric_midpoint_t3.mp4
model_axis,so101,opus48,ours,numeric_midpoint,4,autoadapter_bench/results/videos/model_axis/so101/ours/opus48/numeric_midpoint_t4.mp4
model_axis,so101,opus48,ours,pair_swap_chain,0,autoadapter_bench/results/videos/model_axis/so101/ours/opus48/pair_swap_chain_t0.mp4
model_axis,so101,opus48,ours,pair_swap_chain,1,autoadapter_bench/results/videos/model_axis/so101/ours/opus48/pair_swap_chain_t1.mp4
model_axis,so101,opus48,ours,pair_swap_chain,2,autoadapter_bench/results/videos/model_axis/so101/ours/opus48/pair_swap_chain_t2.mp4
model_axis,so101,opus48,ours,pair_swap_chain,3,autoadapter_bench/results/videos/model_axis/so101/ours/opus48/pair_swap_chain_t3.mp4
model_axis,so101,opus48,ours,pair_swap_chain,4,autoadapter_bench/results/videos/model_axis/so101/ours/opus48/pair_swap_chain_t4.mp4
model_axis,so101,opus48,ours,place_duck_inside_mug,0,autoadapter_bench/results/videos/model_axis/so101/ours/opus48/place_duck_inside_mug_t0.mp4
model_axis,so101,opus48,ours,place_duck_inside_mug,1,autoadapter_bench/results/videos/model_axis/so101/ours/opus48/place_duck_inside_mug_t1.mp4
model_axis,so101,opus48,ours,place_duck_inside_mug,2,autoadapter_bench/results/videos/model_axis/so101/ours/opus48/place_duck_inside_mug_t2.mp4
model_axis,so101,opus48,ours,place_duck_inside_mug,3,autoadapter_bench/results/videos/model_axis/so101/ours/opus48/place_duck_inside_mug_t3.mp4
model_axis,so101,opus48,ours,place_duck_inside_mug,4,autoadapter_bench/results/videos/model_axis/so101/ours/opus48/place_duck_inside_mug_t4.mp4
model_axis,so101,opus48,ours,spatial_query_pick,0,autoadapter_bench/results/videos/model_axis/so101/ours/opus48/spatial_query_pick_t0.mp4
model_axis,so101,opus48,ours,spatial_query_pick,1,autoadapter_bench/results/videos/model_axis/so101/ours/opus48/spatial_query_pick_t1.mp4
model_axis,so101,opus48,ours,spatial_query_pick,2,autoadapter_bench/results/videos/model_axis/so101/ours/opus48/spatial_query_pick_t2.mp4
model_axis,so101,opus48,ours,spatial_query_pick,3,autoadapter_bench/results/videos/model_axis/so101/ours/opus48/spatial_query_pick_t3.mp4
model_axis,so101,opus48,ours,spatial_query_pick,4,autoadapter_bench/results/videos/model_axis/so101/ours/opus48/spatial_query_pick_t4.mp4
model_axis,so101,opus48,ours,stable_place_screwdriver,0,autoadapter_bench/results/videos/model_axis/so101/ours/opus48/stable_place_screwdriver_t0.mp4
model_axis,so101,opus48,ours,stable_place_screwdriver,1,autoadapter_bench/results/videos/model_axis/so101/ours/opus48/stable_place_screwdriver_t1.mp4
model_axis,so101,opus48,ours,stable_place_screwdriver,2,autoadapter_bench/results/videos/model_axis/so101/ours/opus48/stable_place_screwdriver_t2.mp4
model_axis,so101,opus48,ours,stable_place_screwdriver,3,autoadapter_bench/results/videos/model_axis/so101/ours/opus48/stable_place_screwdriver_t3.mp4
model_axis,so101,opus48,ours,stable_place_screwdriver,4,autoadapter_bench/results/videos/model_axis/so101/ours/opus48/stable_place_screwdriver_t4.mp4
model_axis,so101,opus48,ours,stack_lego_on_duck,0,autoadapter_bench/results/videos/model_axis/so101/ours/opus48/stack_lego_on_duck_t0.mp4
model_axis,so101,opus48,ours,stack_lego_on_duck,1,autoadapter_bench/results/videos/model_axis/so101/ours/opus48/stack_lego_on_duck_t1.mp4
model_axis,so101,opus48,ours,stack_lego_on_duck,2,autoadapter_bench/results/videos/model_axis/so101/ours/opus48/stack_lego_on_duck_t2.mp4
model_axis,so101,opus48,ours,stack_lego_on_duck,3,autoadapter_bench/results/videos/model_axis/so101/ours/opus48/stack_lego_on_duck_t3.mp4
model_axis,so101,opus48,ours,stack_lego_on_duck,4,autoadapter_bench/results/videos/model_axis/so101/ours/opus48/stack_lego_on_duck_t4.mp4
model_axis,so101,opus48,ours,swap_banana_bottle,0,autoadapter_bench/results/videos/model_axis/so101/ours/opus48/swap_banana_bottle_t0.mp4
model_axis,so101,opus48,ours,swap_banana_bottle,1,autoadapter_bench/results/videos/model_axis/so101/ours/opus48/swap_banana_bottle_t1.mp4
model_axis,so101,opus48,ours,swap_banana_bottle,2,autoadapter_bench/results/videos/model_axis/so101/ours/opus48/swap_banana_bottle_t2.mp4
model_axis,so101,opus48,ours,swap_banana_bottle,3,autoadapter_bench/results/videos/model_axis/so101/ours/opus48/swap_banana_bottle_t3.mp4
model_axis,so101,opus48,ours,swap_banana_bottle,4,autoadapter_bench/results/videos/model_axis/so101/ours/opus48/swap_banana_bottle_t4.mp4
model_axis,so101,opus48,ours,tower_3_objects,0,autoadapter_bench/results/videos/model_axis/so101/ours/opus48/tower_3_objects_t0.mp4
model_axis,so101,opus48,ours,tower_3_objects,1,autoadapter_bench/results/videos/model_axis/so101/ours/opus48/tower_3_objects_t1.mp4
model_axis,so101,opus48,ours,tower_3_objects,2,autoadapter_bench/results/videos/model_axis/so101/ours/opus48/tower_3_objects_t2.mp4
model_axis,so101,opus48,ours,tower_3_objects,3,autoadapter_bench/results/videos/model_axis/so101/ours/opus48/tower_3_objects_t3.mp4
model_axis,so101,opus48,ours,tower_3_objects,4,autoadapter_bench/results/videos/model_axis/so101/ours/opus48/tower_3_objects_t4.mp4
model_axis,so101,opus48,ours,visit_all_objects,0,autoadapter_bench/results/videos/model_axis/so101/ours/opus48/visit_all_objects_t0.mp4
model_axis,so101,opus48,ours,visit_all_objects,1,autoadapter_bench/results/videos/model_axis/so101/ours/opus48/visit_all_objects_t1.mp4
model_axis,so101,opus48,ours,visit_all_objects,2,autoadapter_bench/results/videos/model_axis/so101/ours/opus48/visit_all_objects_t2.mp4
model_axis,so101,opus48,ours,visit_all_objects,3,autoadapter_bench/results/videos/model_axis/so101/ours/opus48/visit_all_objects_t3.mp4
model_axis,so101,opus48,ours,visit_all_objects,4,autoadapter_bench/results/videos/model_axis/so101/ours/opus48/visit_all_objects_t4.mp4
model_axis,so101,qwen32,ours,clear_then_reach,0,autoadapter_bench/results/videos/model_axis/so101/ours/qwen32/clear_then_reach_t0.mp4
model_axis,so101,qwen32,ours,clear_then_reach,1,autoadapter_bench/results/videos/model_axis/so101/ours/qwen32/clear_then_reach_t1.mp4
model_axis,so101,qwen32,ours,clear_then_reach,2,autoadapter_bench/results/videos/model_axis/so101/ours/qwen32/clear_then_reach_t2.mp4
model_axis,so101,qwen32,ours,clear_then_reach,3,autoadapter_bench/results/videos/model_axis/so101/ours/qwen32/clear_then_reach_t3.mp4
model_axis,so101,qwen32,ours,clear_then_reach,4,autoadapter_bench/results/videos/model_axis/so101/ours/qwen32/clear_then_reach_t4.mp4
model_axis,so101,qwen32,ours,collision_avoid_bottle,0,autoadapter_bench/results/videos/model_axis/so101/ours/qwen32/collision_avoid_bottle_t0.mp4
model_axis,so101,qwen32,ours,collision_avoid_bottle,1,autoadapter_bench/results/videos/model_axis/so101/ours/qwen32/collision_avoid_bottle_t1.mp4
model_axis,so101,qwen32,ours,collision_avoid_bottle,2,autoadapter_bench/results/videos/model_axis/so101/ours/qwen32/collision_avoid_bottle_t2.mp4
model_axis,so101,qwen32,ours,collision_avoid_bottle,3,autoadapter_bench/results/videos/model_axis/so101/ours/qwen32/collision_avoid_bottle_t3.mp4
model_axis,so101,qwen32,ours,collision_avoid_bottle,4,autoadapter_bench/results/videos/model_axis/so101/ours/qwen32/collision_avoid_bottle_t4.mp4
model_axis,so101,qwen32,ours,conditional_pick,0,autoadapter_bench/results/videos/model_axis/so101/ours/qwen32/conditional_pick_t0.mp4
model_axis,so101,qwen32,ours,conditional_pick,1,autoadapter_bench/results/videos/model_axis/so101/ours/qwen32/conditional_pick_t1.mp4
model_axis,so101,qwen32,ours,conditional_pick,2,autoadapter_bench/results/videos/model_axis/so101/ours/qwen32/conditional_pick_t2.mp4
model_axis,so101,qwen32,ours,conditional_pick,3,autoadapter_bench/results/videos/model_axis/so101/ours/qwen32/conditional_pick_t3.mp4
model_axis,so101,qwen32,ours,conditional_pick,4,autoadapter_bench/results/videos/model_axis/so101/ours/qwen32/conditional_pick_t4.mp4
model_axis,so101,qwen32,ours,draw_letter_L,0,autoadapter_bench/results/videos/model_axis/so101/ours/qwen32/draw_letter_L_t0.mp4
model_axis,so101,qwen32,ours,draw_letter_L,1,autoadapter_bench/results/videos/model_axis/so101/ours/qwen32/draw_letter_L_t1.mp4
model_axis,so101,qwen32,ours,draw_letter_L,2,autoadapter_bench/results/videos/model_axis/so101/ours/qwen32/draw_letter_L_t2.mp4
model_axis,so101,qwen32,ours,draw_letter_L,3,autoadapter_bench/results/videos/model_axis/so101/ours/qwen32/draw_letter_L_t3.mp4
model_axis,so101,qwen32,ours,draw_letter_L,4,autoadapter_bench/results/videos/model_axis/so101/ours/qwen32/draw_letter_L_t4.mp4
model_axis,so101,qwen32,ours,numeric_midpoint,0,autoadapter_bench/results/videos/model_axis/so101/ours/qwen32/numeric_midpoint_t0.mp4
model_axis,so101,qwen32,ours,numeric_midpoint,1,autoadapter_bench/results/videos/model_axis/so101/ours/qwen32/numeric_midpoint_t1.mp4
model_axis,so101,qwen32,ours,numeric_midpoint,2,autoadapter_bench/results/videos/model_axis/so101/ours/qwen32/numeric_midpoint_t2.mp4
model_axis,so101,qwen32,ours,numeric_midpoint,3,autoadapter_bench/results/videos/model_axis/so101/ours/qwen32/numeric_midpoint_t3.mp4
model_axis,so101,qwen32,ours,numeric_midpoint,4,autoadapter_bench/results/videos/model_axis/so101/ours/qwen32/numeric_midpoint_t4.mp4
model_axis,so101,qwen32,ours,pair_swap_chain,0,autoadapter_bench/results/videos/model_axis/so101/ours/qwen32/pair_swap_chain_t0.mp4
model_axis,so101,qwen32,ours,pair_swap_chain,1,autoadapter_bench/results/videos/model_axis/so101/ours/qwen32/pair_swap_chain_t1.mp4
model_axis,so101,qwen32,ours,pair_swap_chain,2,autoadapter_bench/results/videos/model_axis/so101/ours/qwen32/pair_swap_chain_t2.mp4
model_axis,so101,qwen32,ours,pair_swap_chain,3,autoadapter_bench/results/videos/model_axis/so101/ours/qwen32/pair_swap_chain_t3.mp4
model_axis,so101,qwen32,ours,pair_swap_chain,4,autoadapter_bench/results/videos/model_axis/so101/ours/qwen32/pair_swap_chain_t4.mp4
model_axis,so101,qwen32,ours,place_duck_inside_mug,0,autoadapter_bench/results/videos/model_axis/so101/ours/qwen32/place_duck_inside_mug_t0.mp4
model_axis,so101,qwen32,ours,place_duck_inside_mug,1,autoadapter_bench/results/videos/model_axis/so101/ours/qwen32/place_duck_inside_mug_t1.mp4
model_axis,so101,qwen32,ours,place_duck_inside_mug,2,autoadapter_bench/results/videos/model_axis/so101/ours/qwen32/place_duck_inside_mug_t2.mp4
model_axis,so101,qwen32,ours,place_duck_inside_mug,3,autoadapter_bench/results/videos/model_axis/so101/ours/qwen32/place_duck_inside_mug_t3.mp4
model_axis,so101,qwen32,ours,place_duck_inside_mug,4,autoadapter_bench/results/videos/model_axis/so101/ours/qwen32/place_duck_inside_mug_t4.mp4
model_axis,so101,qwen32,ours,spatial_query_pick,0,autoadapter_bench/results/videos/model_axis/so101/ours/qwen32/spatial_query_pick_t0.mp4
model_axis,so101,qwen32,ours,spatial_query_pick,1,autoadapter_bench/results/videos/model_axis/so101/ours/qwen32/spatial_query_pick_t1.mp4
model_axis,so101,qwen32,ours,spatial_query_pick,2,autoadapter_bench/results/videos/model_axis/so101/ours/qwen32/spatial_query_pick_t2.mp4
model_axis,so101,qwen32,ours,spatial_query_pick,3,autoadapter_bench/results/videos/model_axis/so101/ours/qwen32/spatial_query_pick_t3.mp4
model_axis,so101,qwen32,ours,spatial_query_pick,4,autoadapter_bench/results/videos/model_axis/so101/ours/qwen32/spatial_query_pick_t4.mp4
model_axis,so101,qwen32,ours,stable_place_screwdriver,0,autoadapter_bench/results/videos/model_axis/so101/ours/qwen32/stable_place_screwdriver_t0.mp4
model_axis,so101,qwen32,ours,stable_place_screwdriver,1,autoadapter_bench/results/videos/model_axis/so101/ours/qwen32/stable_place_screwdriver_t1.mp4
model_axis,so101,qwen32,ours,stable_place_screwdriver,2,autoadapter_bench/results/videos/model_axis/so101/ours/qwen32/stable_place_screwdriver_t2.mp4
model_axis,so101,qwen32,ours,stable_place_screwdriver,3,autoadapter_bench/results/videos/model_axis/so101/ours/qwen32/stable_place_screwdriver_t3.mp4
model_axis,so101,qwen32,ours,stable_place_screwdriver,4,autoadapter_bench/results/videos/model_axis/so101/ours/qwen32/stable_place_screwdriver_t4.mp4
model_axis,so101,qwen32,ours,stack_lego_on_duck,0,autoadapter_bench/results/videos/model_axis/so101/ours/qwen32/stack_lego_on_duck_t0.mp4
model_axis,so101,qwen32,ours,stack_lego_on_duck,1,autoadapter_bench/results/videos/model_axis/so101/ours/qwen32/stack_lego_on_duck_t1.mp4
model_axis,so101,qwen32,ours,stack_lego_on_duck,2,autoadapter_bench/results/videos/model_axis/so101/ours/qwen32/stack_lego_on_duck_t2.mp4
model_axis,so101,qwen32,ours,stack_lego_on_duck,3,autoadapter_bench/results/videos/model_axis/so101/ours/qwen32/stack_lego_on_duck_t3.mp4
model_axis,so101,qwen32,ours,stack_lego_on_duck,4,autoadapter_bench/results/videos/model_axis/so101/ours/qwen32/stack_lego_on_duck_t4.mp4
model_axis,so101,qwen32,ours,swap_banana_bottle,0,autoadapter_bench/results/videos/model_axis/so101/ours/qwen32/swap_banana_bottle_t0.mp4
model_axis,so101,qwen32,ours,swap_banana_bottle,1,autoadapter_bench/results/videos/model_axis/so101/ours/qwen32/swap_banana_bottle_t1.mp4
model_axis,so101,qwen32,ours,swap_banana_bottle,2,autoadapter_bench/results/videos/model_axis/so101/ours/qwen32/swap_banana_bottle_t2.mp4
model_axis,so101,qwen32,ours,swap_banana_bottle,3,autoadapter_bench/results/videos/model_axis/so101/ours/qwen32/swap_banana_bottle_t3.mp4
model_axis,so101,qwen32,ours,swap_banana_bottle,4,autoadapter_bench/results/videos/model_axis/so101/ours/qwen32/swap_banana_bottle_t4.mp4
model_axis,so101,qwen32,ours,tower_3_objects,0,autoadapter_bench/results/videos/model_axis/so101/ours/qwen32/tower_3_objects_t0.mp4
model_axis,so101,qwen32,ours,tower_3_objects,1,autoadapter_bench/results/videos/model_axis/so101/ours/qwen32/tower_3_objects_t1.mp4
model_axis,so101,qwen32,ours,tower_3_objects,2,autoadapter_bench/results/videos/model_axis/so101/ours/qwen32/tower_3_objects_t2.mp4
model_axis,so101,qwen32,ours,tower_3_objects,3,autoadapter_bench/results/videos/model_axis/so101/ours/qwen32/tower_3_objects_t3.mp4
model_axis,so101,qwen32,ours,tower_3_objects,4,autoadapter_bench/results/videos/model_axis/so101/ours/qwen32/tower_3_objects_t4.mp4
model_axis,so101,qwen32,ours,visit_all_objects,0,autoadapter_bench/results/videos/model_axis/so101/ours/qwen32/visit_all_objects_t0.mp4
model_axis,so101,qwen32,ours,visit_all_objects,1,autoadapter_bench/results/videos/model_axis/so101/ours/qwen32/visit_all_objects_t1.mp4
model_axis,so101,qwen32,ours,visit_all_objects,2,autoadapter_bench/results/videos/model_axis/so101/ours/qwen32/visit_all_objects_t2.mp4
model_axis,so101,qwen32,ours,visit_all_objects,3,autoadapter_bench/results/videos/model_axis/so101/ours/qwen32/visit_all_objects_t3.mp4
model_axis,so101,qwen32,ours,visit_all_objects,4,autoadapter_bench/results/videos/model_axis/so101/ours/qwen32/visit_all_objects_t4.mp4
model_axis,so101,sonnet46,ours,clear_then_reach,0,autoadapter_bench/results/videos/model_axis/so101/ours/sonnet46/clear_then_reach_t0.mp4
model_axis,so101,sonnet46,ours,clear_then_reach,1,autoadapter_bench/results/videos/model_axis/so101/ours/sonnet46/clear_then_reach_t1.mp4
model_axis,so101,sonnet46,ours,clear_then_reach,2,autoadapter_bench/results/videos/model_axis/so101/ours/sonnet46/clear_then_reach_t2.mp4
model_axis,so101,sonnet46,ours,clear_then_reach,3,autoadapter_bench/results/videos/model_axis/so101/ours/sonnet46/clear_then_reach_t3.mp4
model_axis,so101,sonnet46,ours,clear_then_reach,4,autoadapter_bench/results/videos/model_axis/so101/ours/sonnet46/clear_then_reach_t4.mp4
model_axis,so101,sonnet46,ours,collision_avoid_bottle,0,autoadapter_bench/results/videos/model_axis/so101/ours/sonnet46/collision_avoid_bottle_t0.mp4
model_axis,so101,sonnet46,ours,collision_avoid_bottle,1,autoadapter_bench/results/videos/model_axis/so101/ours/sonnet46/collision_avoid_bottle_t1.mp4
model_axis,so101,sonnet46,ours,collision_avoid_bottle,2,autoadapter_bench/results/videos/model_axis/so101/ours/sonnet46/collision_avoid_bottle_t2.mp4
model_axis,so101,sonnet46,ours,collision_avoid_bottle,3,autoadapter_bench/results/videos/model_axis/so101/ours/sonnet46/collision_avoid_bottle_t3.mp4
model_axis,so101,sonnet46,ours,collision_avoid_bottle,4,autoadapter_bench/results/videos/model_axis/so101/ours/sonnet46/collision_avoid_bottle_t4.mp4
model_axis,so101,sonnet46,ours,conditional_pick,0,autoadapter_bench/results/videos/model_axis/so101/ours/sonnet46/conditional_pick_t0.mp4
model_axis,so101,sonnet46,ours,conditional_pick,1,autoadapter_bench/results/videos/model_axis/so101/ours/sonnet46/conditional_pick_t1.mp4
model_axis,so101,sonnet46,ours,conditional_pick,2,autoadapter_bench/results/videos/model_axis/so101/ours/sonnet46/conditional_pick_t2.mp4
model_axis,so101,sonnet46,ours,conditional_pick,3,autoadapter_bench/results/videos/model_axis/so101/ours/sonnet46/conditional_pick_t3.mp4
model_axis,so101,sonnet46,ours,conditional_pick,4,autoadapter_bench/results/videos/model_axis/so101/ours/sonnet46/conditional_pick_t4.mp4
model_axis,so101,sonnet46,ours,draw_letter_L,0,autoadapter_bench/results/videos/model_axis/so101/ours/sonnet46/draw_letter_L_t0.mp4
model_axis,so101,sonnet46,ours,draw_letter_L,1,autoadapter_bench/results/videos/model_axis/so101/ours/sonnet46/draw_letter_L_t1.mp4
model_axis,so101,sonnet46,ours,draw_letter_L,2,autoadapter_bench/results/videos/model_axis/so101/ours/sonnet46/draw_letter_L_t2.mp4
model_axis,so101,sonnet46,ours,draw_letter_L,3,autoadapter_bench/results/videos/model_axis/so101/ours/sonnet46/draw_letter_L_t3.mp4
model_axis,so101,sonnet46,ours,draw_letter_L,4,autoadapter_bench/results/videos/model_axis/so101/ours/sonnet46/draw_letter_L_t4.mp4
model_axis,so101,sonnet46,ours,numeric_midpoint,0,autoadapter_bench/results/videos/model_axis/so101/ours/sonnet46/numeric_midpoint_t0.mp4
model_axis,so101,sonnet46,ours,numeric_midpoint,1,autoadapter_bench/results/videos/model_axis/so101/ours/sonnet46/numeric_midpoint_t1.mp4
model_axis,so101,sonnet46,ours,numeric_midpoint,2,autoadapter_bench/results/videos/model_axis/so101/ours/sonnet46/numeric_midpoint_t2.mp4
model_axis,so101,sonnet46,ours,numeric_midpoint,3,autoadapter_bench/results/videos/model_axis/so101/ours/sonnet46/numeric_midpoint_t3.mp4
model_axis,so101,sonnet46,ours,numeric_midpoint,4,autoadapter_bench/results/videos/model_axis/so101/ours/sonnet46/numeric_midpoint_t4.mp4
model_axis,so101,sonnet46,ours,pair_swap_chain,0,autoadapter_bench/results/videos/model_axis/so101/ours/sonnet46/pair_swap_chain_t0.mp4
model_axis,so101,sonnet46,ours,pair_swap_chain,1,autoadapter_bench/results/videos/model_axis/so101/ours/sonnet46/pair_swap_chain_t1.mp4
model_axis,so101,sonnet46,ours,pair_swap_chain,2,autoadapter_bench/results/videos/model_axis/so101/ours/sonnet46/pair_swap_chain_t2.mp4
model_axis,so101,sonnet46,ours,pair_swap_chain,3,autoadapter_bench/results/videos/model_axis/so101/ours/sonnet46/pair_swap_chain_t3.mp4
model_axis,so101,sonnet46,ours,pair_swap_chain,4,autoadapter_bench/results/videos/model_axis/so101/ours/sonnet46/pair_swap_chain_t4.mp4
model_axis,so101,sonnet46,ours,place_duck_inside_mug,0,autoadapter_bench/results/videos/model_axis/so101/ours/sonnet46/place_duck_inside_mug_t0.mp4
model_axis,so101,sonnet46,ours,place_duck_inside_mug,1,autoadapter_bench/results/videos/model_axis/so101/ours/sonnet46/place_duck_inside_mug_t1.mp4
model_axis,so101,sonnet46,ours,place_duck_inside_mug,2,autoadapter_bench/results/videos/model_axis/so101/ours/sonnet46/place_duck_inside_mug_t2.mp4
model_axis,so101,sonnet46,ours,place_duck_inside_mug,3,autoadapter_bench/results/videos/model_axis/so101/ours/sonnet46/place_duck_inside_mug_t3.mp4
model_axis,so101,sonnet46,ours,place_duck_inside_mug,4,autoadapter_bench/results/videos/model_axis/so101/ours/sonnet46/place_duck_inside_mug_t4.mp4
model_axis,so101,sonnet46,ours,spatial_query_pick,0,autoadapter_bench/results/videos/model_axis/so101/ours/sonnet46/spatial_query_pick_t0.mp4
model_axis,so101,sonnet46,ours,spatial_query_pick,1,autoadapter_bench/results/videos/model_axis/so101/ours/sonnet46/spatial_query_pick_t1.mp4
model_axis,so101,sonnet46,ours,spatial_query_pick,2,autoadapter_bench/results/videos/model_axis/so101/ours/sonnet46/spatial_query_pick_t2.mp4
model_axis,so101,sonnet46,ours,spatial_query_pick,3,autoadapter_bench/results/videos/model_axis/so101/ours/sonnet46/spatial_query_pick_t3.mp4
model_axis,so101,sonnet46,ours,spatial_query_pick,4,autoadapter_bench/results/videos/model_axis/so101/ours/sonnet46/spatial_query_pick_t4.mp4
model_axis,so101,sonnet46,ours,stable_place_screwdriver,0,autoadapter_bench/results/videos/model_axis/so101/ours/sonnet46/stable_place_screwdriver_t0.mp4
model_axis,so101,sonnet46,ours,stable_place_screwdriver,1,autoadapter_bench/results/videos/model_axis/so101/ours/sonnet46/stable_place_screwdriver_t1.mp4
model_axis,so101,sonnet46,ours,stable_place_screwdriver,2,autoadapter_bench/results/videos/model_axis/so101/ours/sonnet46/stable_place_screwdriver_t2.mp4
model_axis,so101,sonnet46,ours,stable_place_screwdriver,3,autoadapter_bench/results/videos/model_axis/so101/ours/sonnet46/stable_place_screwdriver_t3.mp4
model_axis,so101,sonnet46,ours,stable_place_screwdriver,4,autoadapter_bench/results/videos/model_axis/so101/ours/sonnet46/stable_place_screwdriver_t4.mp4
model_axis,so101,sonnet46,ours,stack_lego_on_duck,0,autoadapter_bench/results/videos/model_axis/so101/ours/sonnet46/stack_lego_on_duck_t0.mp4
model_axis,so101,sonnet46,ours,stack_lego_on_duck,1,autoadapter_bench/results/videos/model_axis/so101/ours/sonnet46/stack_lego_on_duck_t1.mp4
model_axis,so101,sonnet46,ours,stack_lego_on_duck,2,autoadapter_bench/results/videos/model_axis/so101/ours/sonnet46/stack_lego_on_duck_t2.mp4
model_axis,so101,sonnet46,ours,stack_lego_on_duck,3,autoadapter_bench/results/videos/model_axis/so101/ours/sonnet46/stack_lego_on_duck_t3.mp4
model_axis,so101,sonnet46,ours,stack_lego_on_duck,4,autoadapter_bench/results/videos/model_axis/so101/ours/sonnet46/stack_lego_on_duck_t4.mp4
model_axis,so101,sonnet46,ours,swap_banana_bottle,0,autoadapter_bench/results/videos/model_axis/so101/ours/sonnet46/swap_banana_bottle_t0.mp4
model_axis,so101,sonnet46,ours,swap_banana_bottle,1,autoadapter_bench/results/videos/model_axis/so101/ours/sonnet46/swap_banana_bottle_t1.mp4
model_axis,so101,sonnet46,ours,swap_banana_bottle,2,autoadapter_bench/results/videos/model_axis/so101/ours/sonnet46/swap_banana_bottle_t2.mp4
model_axis,so101,sonnet46,ours,swap_banana_bottle,3,autoadapter_bench/results/videos/model_axis/so101/ours/sonnet46/swap_banana_bottle_t3.mp4
model_axis,so101,sonnet46,ours,swap_banana_bottle,4,autoadapter_bench/results/videos/model_axis/so101/ours/sonnet46/swap_banana_bottle_t4.mp4
model_axis,so101,sonnet46,ours,tower_3_objects,0,autoadapter_bench/results/videos/model_axis/so101/ours/sonnet46/tower_3_objects_t0.mp4
model_axis,so101,sonnet46,ours,tower_3_objects,1,autoadapter_bench/results/videos/model_axis/so101/ours/sonnet46/tower_3_objects_t1.mp4
model_axis,so101,sonnet46,ours,tower_3_objects,2,autoadapter_bench/results/videos/model_axis/so101/ours/sonnet46/tower_3_objects_t2.mp4
model_axis,so101,sonnet46,ours,tower_3_objects,3,autoadapter_bench/results/videos/model_axis/so101/ours/sonnet46/tower_3_objects_t3.mp4
model_axis,so101,sonnet46,ours,tower_3_objects,4,autoadapter_bench/results/videos/model_axis/so101/ours/sonnet46/tower_3_objects_t4.mp4
model_axis,so101,sonnet46,ours,visit_all_objects,0,autoadapter_bench/results/videos/model_axis/so101/ours/sonnet46/visit_all_objects_t0.mp4
model_axis,so101,sonnet46,ours,visit_all_objects,1,autoadapter_bench/results/videos/model_axis/so101/ours/sonnet46/visit_all_objects_t1.mp4
model_axis,so101,sonnet46,ours,visit_all_objects,2,autoadapter_bench/results/videos/model_axis/so101/ours/sonnet46/visit_all_objects_t2.mp4
model_axis,so101,sonnet46,ours,visit_all_objects,3,autoadapter_bench/results/videos/model_axis/so101/ours/sonnet46/visit_all_objects_t3.mp4
model_axis,so101,sonnet46,ours,visit_all_objects,4,autoadapter_bench/results/videos/model_axis/so101/ours/sonnet46/visit_all_objects_t4.mp4
robot_axis,anymal,sonnet,driver_demo,sit_down_from_home,0,autoadapter_bench/results/videos/robot_axis/anymal/fixed_sonnet45/driver_demo_sit_down_from_home.mp4
robot_axis,anymal,sonnet,driver_demo,two_short_walks,0,autoadapter_bench/results/videos/robot_axis/anymal/fixed_sonnet45/driver_demo_two_short_walks.mp4
robot_axis,anymal,sonnet,driver_demo,walk_forward_10cm,0,autoadapter_bench/results/videos/robot_axis/anymal/fixed_sonnet45/driver_demo_walk_forward_10cm.mp4
robot_axis,anymal,sonnet,driver_demo,walk_forward_5cm,0,autoadapter_bench/results/videos/robot_axis/anymal/fixed_sonnet45/driver_demo_walk_forward_5cm.mp4
robot_axis,anymal,sonnet,driver_demo,walk_sit_stand,0,autoadapter_bench/results/videos/robot_axis/anymal/fixed_sonnet45/driver_demo_walk_sit_stand.mp4
robot_axis,franka,sonnet,driver_demo,reach_sequence,0,autoadapter_bench/results/videos/robot_axis/franka/fixed_sonnet/driver_demo_reach_sequence.mp4
robot_axis,go2,sonnet,driver_demo,sit_down_from_home,0,autoadapter_bench/results/videos/robot_axis/go2/fixed_sonnet45/driver_demo_sit_down_from_home.mp4
robot_axis,go2,sonnet,driver_demo,two_short_walks,0,autoadapter_bench/results/videos/robot_axis/go2/fixed_sonnet45/driver_demo_two_short_walks.mp4
robot_axis,go2,sonnet,driver_demo,walk_forward_10cm,0,autoadapter_bench/results/videos/robot_axis/go2/fixed_sonnet45/driver_demo_walk_forward_10cm.mp4
robot_axis,go2,sonnet,driver_demo,walk_forward_5cm,0,autoadapter_bench/results/videos/robot_axis/go2/fixed_sonnet45/driver_demo_walk_forward_5cm.mp4
robot_axis,go2,sonnet,driver_demo,walk_sit_stand,0,autoadapter_bench/results/videos/robot_axis/go2/fixed_sonnet45/driver_demo_walk_sit_stand.mp4
robot_axis,h1,sonnet,driver_demo,showcase,0,autoadapter_bench/results/videos/robot_axis/h1/fixed_sonnet45/driver_demo_showcase.mp4
robot_axis,kuka,sonnet,driver_demo,showcase,0,autoadapter_bench/results/videos/robot_axis/kuka/fixed_sonnet45/driver_demo_showcase.mp4
robot_axis,piper,sonnet,driver_demo,reach_sequence,0,autoadapter_bench/results/videos/robot_axis/piper/fixed_sonnet/driver_demo_reach_sequence.mp4
robot_axis,skydio,sonnet,driver_demo,showcase,0,autoadapter_bench/results/videos/robot_axis/skydio/fixed_sonnet45/driver_demo_showcase.mp4
robot_axis,so101,sonnet,driver_demo,clear_then_reach_t0,0,autoadapter_bench/results/videos/robot_axis/so101/fixed_sonnet/driver_demo_clear_then_reach_t0.mp4
robot_axis,ur5e,sonnet,driver_demo,cap_trace_square_xy_t0,0,autoadapter_bench/results/videos/robot_axis/ur5e/fixed_sonnet/driver_demo_cap_trace_square_xy_t0.mp4
